index,title,hot,url,img_url,push_time,now_time,type,source
1,吴宜泽无缘上海大师赛决赛,12106186,https://www.douyin.com/search/%E5%90%B4%E5%AE%9C%E6%B3%BD%E6%97%A0%E7%BC%98%E4%B8%8A%E6%B5%B7%E5%A4%A7%E5%B8%88%E8%B5%9B%E5%86%B3%E8%B5%9B,https://p3-sign.douyinpic.com/tos-cn-p-0015/oUAACHpsdeqIfBqxgBDKDIryCbo9EAFgzhbAjS~noop.jpeg?lk3s=bfd515bb&x-expires=1785535200&x-signature=9bPjvJlOLIYt05o0uF5xyCfppr0%3D&from=3218412987,2026-07-31 22:15:33,2026-08-01,热搜,抖音
2,把盛夏交给火把节,11918892,https://www.douyin.com/search/%E6%8A%8A%E7%9B%9B%E5%A4%8F%E4%BA%A4%E7%BB%99%E7%81%AB%E6%8A%8A%E8%8A%82,https://p9-sign.douyinpic.com/tos-cn-p-0015/okXFLIIfo4qAUKMtJ8i7BiaA9AHBmgQNwIft9z~noop.jpeg?lk3s=bfd515bb&x-expires=1785535200&x-signature=hbV9U9MXjQuSfHrgeeqcO0w6Rkw%3D&from=3218412987,2026-07-31 17:37:30,2026-08-01,热搜,抖音
3,4万亿元将投向算力网建设,11328964,https://www.douyin.com/search/4%E4%B8%87%E4%BA%BF%E5%85%83%E5%B0%86%E6%8A%95%E5%90%91%E7%AE%97%E5%8A%9B%E7%BD%91%E5%BB%BA%E8%AE%BE,https://p3-sign.douyinpic.com/tos-cn-p-0015/owCW8qDtIFAuIoBbBHENSCAgAiA7f9Lsqf7xg2~noop.jpeg?lk3s=bfd515bb&x-expires=1785535200&x-signature=Uu7Rg5gb6p1TrY9oUSzMRjy6YJU%3D&from=3218412987,2026-07-31 11:29:38,2026-08-01,热搜,抖音
4,国家电网原董事长辛保安被查,11221312,https://www.douyin.com/search/%E5%9B%BD%E5%AE%B6%E7%94%B5%E7%BD%91%E5%8E%9F%E8%91%A3%E4%BA%8B%E9%95%BF%E8%BE%9B%E4%BF%9D%E5%AE%89%E8%A2%AB%E6%9F%A5,https://p11-sign.douyinpic.com/tos-cn-p-0015/oYafPkHGQILeVTwCpSpDZGgEsQeB0BmeAAGLj2~noop.jpeg?lk3s=bfd515bb&x-expires=1785535200&x-signature=3JRWMxCZa%2FaIeJ8pxDoVApt9%2F0o%3D&from=3218412987,2026-07-31 21:46:27,2026-08-01,热搜,抖音
5,八一建军节之际致敬中国军人,10550672,https://www.douyin.com/search/%E5%85%AB%E4%B8%80%E5%BB%BA%E5%86%9B%E8%8A%82%E4%B9%8B%E9%99%85%E8%87%B4%E6%95%AC%E4%B8%AD%E5%9B%BD%E5%86%9B%E4%BA%BA,https://p26-sign.douyinpic.com/tos-cn-p-0015c000-ce/osCeCfzLDJrUFjLBeWEKiNIU1C8Q9o0g2C7KhA~noop.jpeg?lk3s=bfd515bb&x-expires=1785535200&x-signature=JZd6Tybrn7N%2Bi7Zp%2BX8SMwRJbhU%3D&from=3218412987,2026-07-30 17:17:07,2026-08-01,热搜,抖音
6,AI生成的作品算艺术吗,10420115,https://www.douyin.com/search/AI%E7%94%9F%E6%88%90%E7%9A%84%E4%BD%9C%E5%93%81%E7%AE%97%E8%89%BA%E6%9C%AF%E5%90%97,https://p9-sign.douyinpic.com/tos-cn-p-0015/oM0A2LqAAE9dEQLAFBApsIIDsglNbOABeTfDty~noop.jpeg?lk3s=bfd515bb&x-expires=1785535200&x-signature=QfVb4GYV%2Bbby9wthcnhkPXL5%2FvQ%3D&from=3218412987,2026-07-31 12:37:32,2026-08-01,热搜,抖音
7,日本政府正式设立“国家情报局”,9315366,https://www.douyin.com/search/%E6%97%A5%E6%9C%AC%E6%94%BF%E5%BA%9C%E6%AD%A3%E5%BC%8F%E8%AE%BE%E7%AB%8B%E2%80%9C%E5%9B%BD%E5%AE%B6%E6%83%85%E6%8A%A5%E5%B1%80%E2%80%9D,https://p9-sign.douyinpic.com/tos-cn-p-0015/owW0PvG5hBAgsAXwvHHrvhEBiAmiaI4EQIv1s~noop.jpeg?lk3s=bfd515bb&x-expires=1785535200&x-signature=SFl89Cu7Dv%2FwyPo0N9KnGMTTk3k%3D&from=3218412987,2026-07-31 08:35:48,2026-08-01,热搜,抖音
8,非法移民冲击西班牙飞地边境,9212414,https://www.douyin.com/search/%E9%9D%9E%E6%B3%95%E7%A7%BB%E6%B0%91%E5%86%B2%E5%87%BB%E8%A5%BF%E7%8F%AD%E7%89%99%E9%A3%9E%E5%9C%B0%E8%BE%B9%E5%A2%83,https://p5-ex-gddgtc-sign.douyinpic.com/tos-cn-p-0015/oMUaBf5aAiLCIj6RPDqgiB5rId9fAgUVpAtXzN~noop.jpeg?lk3s=bfd515bb&x-expires=1785535200&x-signature=MfHmUcZJRFmH40gkRiK7p1hky%2F0%3D&from=3218412987,2026-07-31 08:35:43,2026-08-01,热搜,抖音
9,我的暑期限定solotrip,9204182,https://www.douyin.com/search/%E6%88%91%E7%9A%84%E6%9A%91%E6%9C%9F%E9%99%90%E5%AE%9Asolotrip,https://p3-sign.douyinpic.com/tos-cn-p-0015/okIMsDaGUClE7TnLIgP5AAIFBBKTe0YAe7Qejh~noop.jpeg?lk3s=bfd515bb&x-expires=1785535200&x-signature=EFztb2TYK7j5CD9FqIRYBAbPyuw%3D&from=3218412987,2026-07-30 16:33:21,2026-08-01,热搜,抖音
10,欧足联宣布抵制所有国际足联赛事,9178030,https://www.douyin.com/search/%E6%AC%A7%E8%B6%B3%E8%81%94%E5%AE%A3%E5%B8%83%E6%8A%B5%E5%88%B6%E6%89%80%E6%9C%89%E5%9B%BD%E9%99%85%E8%B6%B3%E8%81%94%E8%B5%9B%E4%BA%8B,https://p3-sign.douyinpic.com/tos-cn-p-0015c000-ce/oIvcAZ6YIixrdxZxYjliXAAIPFa5MSKBP6Dm1~noop.jpeg?lk3s=bfd515bb&x-expires=1785535200&x-signature=TLOXuCw0D%2BP2xI7oHIjCEMsrzYQ%3D&from=3218412987,2026-07-31 08:17:03,2026-08-01,热搜,抖音
11,罗文任河北省委书记,9155124,https://www.douyin.com/search/%E7%BD%97%E6%96%87%E4%BB%BB%E6%B2%B3%E5%8C%97%E7%9C%81%E5%A7%94%E4%B9%A6%E8%AE%B0,https://p26-sign.douyinpic.com/tos-cn-p-0015/oIDRXOfzIsVfUFxBS65CAiGIE1QBfQRA7lTQbk~noop.jpeg?lk3s=bfd515bb&x-expires=1785535200&x-signature=%2B7C2JJ%2Bxw6j%2BW8jywbYAzqb%2BT94%3D&from=3218412987,2026-07-31 09:41:28,2026-08-01,热搜,抖音
12,AC米兰传奇队长巴雷西去世,9031726,https://www.douyin.com/search/AC%E7%B1%B3%E5%85%B0%E4%BC%A0%E5%A5%87%E9%98%9F%E9%95%BF%E5%B7%B4%E9%9B%B7%E8%A5%BF%E5%8E%BB%E4%B8%96,https://p11-sign.douyinpic.com/tos-cn-p-0015/okOABnxBIFCQv0OvsmiIBvEJ5Pw4iAagOodCB~noop.jpeg?lk3s=bfd515bb&x-expires=1785535200&x-signature=CSwHiBDYzB%2B4Ju7w13HtIeTnqp4%3D&from=3218412987,2026-07-31 14:02:15,2026-08-01,热搜,抖音
13,消防回应连云港火灾母女坠楼,8518537,https://www.douyin.com/search/%E6%B6%88%E9%98%B2%E5%9B%9E%E5%BA%94%E8%BF%9E%E4%BA%91%E6%B8%AF%E7%81%AB%E7%81%BE%E6%AF%8D%E5%A5%B3%E5%9D%A0%E6%A5%BC,https://p3-sign.douyinpic.com/tos-cn-p-0015/ogVEEDFi44D0OLhsACDAI0be9uqgrB5A6KEtfj~noop.jpeg?lk3s=bfd515bb&x-expires=1785535200&x-signature=tkR8aSK2GfgfR6lDNFlHFtCzY6U%3D&from=3218412987,2026-07-31 22:22:10,2026-08-01,热搜,抖音
14,原神至冬版本前瞻,8132857,https://www.douyin.com/search/%E5%8E%9F%E7%A5%9E%E8%87%B3%E5%86%AC%E7%89%88%E6%9C%AC%E5%89%8D%E7%9E%BB,https://p3-sign.douyinpic.com/tos-cn-p-0015c000-ce/oUlbeEYIDG8FJCkuwEfWAPB5vF7FQqEATeF9Ts~noop.jpeg?lk3s=bfd515bb&x-expires=1785535200&x-signature=2EFoeeOn%2Fn9Dq%2FyPGs8uwhOZrDE%3D&from=3218412987,2026-07-31 22:08:49,2026-08-01,热搜,抖音
15,蜘蛛侠4结尾神来之笔,8131823,https://www.douyin.com/search/%E8%9C%98%E8%9B%9B%E4%BE%A04%E7%BB%93%E5%B0%BE%E7%A5%9E%E6%9D%A5%E4%B9%8B%E7%AC%94,https://p5-ex-gddgtc-sign.douyinpic.com/tos-cn-p-0015c000-ce/oMIPI3LUQf4frLxsTFGAI5sf2RpAMFlDCLImeS~noop.jpeg?lk3s=bfd515bb&x-expires=1785535200&x-signature=aZ34Rpf%2FbjmzLJYhhXcZt9x9%2F0Y%3D&from=3218412987,2026-07-31 19:16:23,2026-08-01,热搜,抖音
16,胡锡进谈连云港火灾母女坠楼事件,7845379,https://www.douyin.com/search/%E8%83%A1%E9%94%A1%E8%BF%9B%E8%B0%88%E8%BF%9E%E4%BA%91%E6%B8%AF%E7%81%AB%E7%81%BE%E6%AF%8D%E5%A5%B3%E5%9D%A0%E6%A5%BC%E4%BA%8B%E4%BB%B6,https://p26-sign.douyinpic.com/tos-cn-i-jm8ajry58r/d1f19c68bb0447ba908b1eefdb3a5597~noop.jpeg?lk3s=bfd515bb&x-expires=1785535200&x-signature=rNlzxpT9PufxX5at2vH2%2B0aJWOo%3D&from=3218412987,2026-07-31 21:35:21,2026-08-01,热搜,抖音
17,陈新武任重庆市代市长,7817001,https://www.douyin.com/search/%E9%99%88%E6%96%B0%E6%AD%A6%E4%BB%BB%E9%87%8D%E5%BA%86%E5%B8%82%E4%BB%A3%E5%B8%82%E9%95%BF,https://p9-sign.douyinpic.com/tos-cn-p-0015/oEfHqAQ9wDDGgiAEQZbABaPY2CFA9bJEkD9HfM~noop.jpeg?lk3s=bfd515bb&x-expires=1785535200&x-signature=%2BytN%2FU%2FqBLGmknnth%2BC%2BGhXzt9A%3D&from=3218412987,2026-07-31 18:47:22,2026-08-01,热搜,抖音
18,手瓦墨武曝光,7803919,https://www.douyin.com/search/%E6%89%8B%E7%93%A6%E5%A2%A8%E6%AD%A6%E6%9B%9D%E5%85%89,https://p26-sign.douyinpic.com/tos-cn-p-0015/o4ueg4XfFlEtLEHwBPMAgC297OUAoCmBRFQ08f~noop.jpeg?lk3s=bfd515bb&x-expires=1785535200&x-signature=FBKRKkYERS3pd%2BBkHFriEuQxaCQ%3D&from=3218412987,2026-07-31 15:42:11,2026-08-01,热搜,抖音
19,何秋亊的兔子小火人上线啦,7790956,https://www.douyin.com/search/%E4%BD%95%E7%A7%8B%E4%BA%8A%E7%9A%84%E5%85%94%E5%AD%90%E5%B0%8F%E7%81%AB%E4%BA%BA%E4%B8%8A%E7%BA%BF%E5%95%A6,https://p3-sign.douyinpic.com/tos-cn-p-0015c000-ce/o4fA6ftVuwR9DsRQCw9EA2BopEaFQprLqCO447~noop.jpeg?lk3s=bfd515bb&x-expires=1785535200&x-signature=WxfedOTC8jgPXZW92hKE4Snz0Qc%3D&from=3218412987,2026-07-31 18:05:26,2026-08-01,热搜,抖音
20,歌手冲刺赛第二场舞台,7756332,https://www.douyin.com/search/%E6%AD%8C%E6%89%8B%E5%86%B2%E5%88%BA%E8%B5%9B%E7%AC%AC%E4%BA%8C%E5%9C%BA%E8%88%9E%E5%8F%B0,https://p3-sign.douyinpic.com/tos-cn-p-0015/oEDsuC1DIBQbNIEN9f9GA6fAYvm0BgWUCbA2Fq~noop.jpeg?lk3s=bfd515bb&x-expires=1785535200&x-signature=1pn%2F4tpDgTlcrY42PQW2Me%2FJw%2B8%3D&from=3218412987,2026-07-31 19:25:12,2026-08-01,热搜,抖音
21,阿哲自制综艺蜥蜴头造型太炸裂了,7754245,https://www.douyin.com/search/%E9%98%BF%E5%93%B2%E8%87%AA%E5%88%B6%E7%BB%BC%E8%89%BA%E8%9C%A5%E8%9C%B4%E5%A4%B4%E9%80%A0%E5%9E%8B%E5%A4%AA%E7%82%B8%E8%A3%82%E4%BA%86,https://p3-sign.douyinpic.com/tos-cn-p-0015/oARIDIvwgAfyASwBeiPvN1BBVnN85iAu62EPDp~noop.jpeg?lk3s=bfd515bb&x-expires=1785535200&x-signature=ewZ2lZ3gxW5TCDmgTG%2BTbQUQQ0I%3D&from=3218412987,2026-07-31 19:14:40,2026-08-01,热搜,抖音
22,罗正甩衣架版冷笑话说唱,7750262,https://www.douyin.com/search/%E7%BD%97%E6%AD%A3%E7%94%A9%E8%A1%A3%E6%9E%B6%E7%89%88%E5%86%B7%E7%AC%91%E8%AF%9D%E8%AF%B4%E5%94%B1,https://p3-sign.douyinpic.com/tos-cn-p-0015/o4xAV5DjFEevbJsJl9BPABlAK54IINBfgqC7DE~noop.jpeg?lk3s=bfd515bb&x-expires=1785535200&x-signature=GJ2VtFCbBk9DVH%2BoWDZa%2BzdrlSc%3D&from=3218412987,2026-07-31 14:39:27,2026-08-01,热搜,抖音
23,把快乐装进云朵里,7745837,https://www.douyin.com/search/%E6%8A%8A%E5%BF%AB%E4%B9%90%E8%A3%85%E8%BF%9B%E4%BA%91%E6%9C%B5%E9%87%8C,https://p5-ex-gddgtc-sign.douyinpic.com/tos-cn-p-0015/oQ0pZx5XLQPPbmbinnmQsZI1BAIagiRUCAwAE~noop.jpeg?lk3s=bfd515bb&x-expires=1785535200&x-signature=I2JM9UAlTZKMaIfzGyrJAiA4riU%3D&from=3218412987,2026-07-31 14:37:28,2026-08-01,热搜,抖音
24,张启山吴老狗成饿死鬼,7741033,https://www.douyin.com/search/%E5%BC%A0%E5%90%AF%E5%B1%B1%E5%90%B4%E8%80%81%E7%8B%97%E6%88%90%E9%A5%BF%E6%AD%BB%E9%AC%BC,https://p3-sign.douyinpic.com/tos-cn-p-0015c000-ce/ok8sRYg2eAI27jhPBG7UwMDaFIJQLBehfCoQl3~noop.jpeg?lk3s=bfd515bb&x-expires=1785535200&x-signature=2Sig3JgpWZaEh0sI8JD53d%2BWFKM%3D&from=3218412987,2026-07-31 12:46:06,2026-08-01,热搜,抖音
25,总是为路边的小猫驻足算幼稚吗,7723309,https://www.douyin.com/search/%E6%80%BB%E6%98%AF%E4%B8%BA%E8%B7%AF%E8%BE%B9%E7%9A%84%E5%B0%8F%E7%8C%AB%E9%A9%BB%E8%B6%B3%E7%AE%97%E5%B9%BC%E7%A8%9A%E5%90%97,https://p3-sign.douyinpic.com/tos-cn-i-0813/oUeAhEoDg7ACHquFfAq9AAAvI4IEpZQvHSJDrC~noop.jpeg?lk3s=bfd515bb&x-expires=1785535200&x-signature=5MRNZCogj2Zev3TZRN4qgMeT%2BnQ%3D&from=3218412987,2026-07-31 18:01:53,2026-08-01,热搜,抖音
26,窝囊five哪凉快哪去,7723178,https://www.douyin.com/search/%E7%AA%9D%E5%9B%8Afive%E5%93%AA%E5%87%89%E5%BF%AB%E5%93%AA%E5%8E%BB,https://p11-sign.douyinpic.com/tos-cn-i-dy/6a2382565e974527b34db3176d2e2e18~noop.jpeg?lk3s=bfd515bb&x-expires=1785535200&x-signature=%2F2G292pV5A%2BfaCKv7OD40v7VIQU%3D&from=3218412987,2026-07-31 14:42:31,2026-08-01,热搜,抖音
27,台风白海豚最新路径有变,7722879,https://www.douyin.com/search/%E5%8F%B0%E9%A3%8E%E7%99%BD%E6%B5%B7%E8%B1%9A%E6%9C%80%E6%96%B0%E8%B7%AF%E5%BE%84%E6%9C%89%E5%8F%98,https://p3-sign.douyinpic.com/tos-cn-p-0015c000-ce/oQeqGeQhDItgQejuSDpALGqVIN2xAceqjTcU16~noop.jpeg?lk3s=bfd515bb&x-expires=1785535200&x-signature=RKFgfEzSNiJP4lA%2Bgs2cxdeBmJY%3D&from=3218412987,2026-07-31 10:57:08,2026-08-01,热搜,抖音
28,随礼200还能听演唱会,7719214,https://www.douyin.com/search/%E9%9A%8F%E7%A4%BC200%E8%BF%98%E8%83%BD%E5%90%AC%E6%BC%94%E5%94%B1%E4%BC%9A,https://p5-ex-gddgtc-sign.douyinpic.com/tos-cn-p-0015c000-ce/oYADqiGgdNo0B7H0efYCXSAxweipEpZIx1XuIy~noop.jpeg?lk3s=bfd515bb&x-expires=1785535200&x-signature=kzpvPtyi9d3rz6mx23Ykn5TIriQ%3D&from=3218412987,2026-07-31 07:59:15,2026-08-01,热搜,抖音
29,八月要走上坡路了,7716464,https://www.douyin.com/search/%E5%85%AB%E6%9C%88%E8%A6%81%E8%B5%B0%E4%B8%8A%E5%9D%A1%E8%B7%AF%E4%BA%86,https://p11-sign.douyinpic.com/tos-cn-p-0015/o4naDfqvAEjDI7u0TBqgFBGoEL9LAoMXpAiHfk~noop.jpeg?lk3s=bfd515bb&x-expires=1785535200&x-signature=Yay3Op1kFgPP88BODoU3vBVcLWY%3D&from=3218412987,2026-07-30 11:50:08,2026-08-01,热搜,抖音
30,洛克王国武斗酷猫,7716413,https://www.douyin.com/search/%E6%B4%9B%E5%85%8B%E7%8E%8B%E5%9B%BD%E6%AD%A6%E6%96%97%E9%85%B7%E7%8C%AB,https://p3-sign.douyinpic.com/tos-cn-p-0015/o0IIsC2DQCAeDQbLgpkAfsbYIELIj5lGeeR9Kl~noop.jpeg?lk3s=bfd515bb&x-expires=1785535200&x-signature=CXmAAl5IrkLfT9mnRggRjnw2Ivg%3D&from=3218412987,2026-07-31 14:42:59,2026-08-01,热搜,抖音
31,职场人通勤motd,7711262,https://www.douyin.com/search/%E8%81%8C%E5%9C%BA%E4%BA%BA%E9%80%9A%E5%8B%A4motd,https://p26-sign.douyinpic.com/tos-cn-i-dy/c4a895749cc44f3882e86b97dc985a6c~noop.jpeg?lk3s=bfd515bb&x-expires=1785535200&x-signature=VO2E97D%2BN2wZegqappufrls9%2Fz4%3D&from=3218412987,2026-07-31 11:43:27,2026-08-01,热搜,抖音
32,凤凰传奇成都演唱会,7708052,https://www.douyin.com/search/%E5%87%A4%E5%87%B0%E4%BC%A0%E5%A5%87%E6%88%90%E9%83%BD%E6%BC%94%E5%94%B1%E4%BC%9A,https://p3-sign.douyinpic.com/tos-cn-p-0015/okZBbbF2LQDefxDAjIqAfyE7UYQH7rRBG7RBGC~noop.jpeg?lk3s=bfd515bb&x-expires=1785535200&x-signature=uER9hs87Z8ftyljwRxY768nsp5I%3D&from=3218412987,2026-07-31 11:31:56,2026-08-01,热搜,抖音
33,母单恋综就该听单身人士的看法,7705650,https://www.douyin.com/search/%E6%AF%8D%E5%8D%95%E6%81%8B%E7%BB%BC%E5%B0%B1%E8%AF%A5%E5%90%AC%E5%8D%95%E8%BA%AB%E4%BA%BA%E5%A3%AB%E7%9A%84%E7%9C%8B%E6%B3%95,https://p11-sign.douyinpic.com/tos-cn-p-0015/oAdAUhBviHiGNKsMKelIABZAn8SIINKfg1h7Ki~noop.jpeg?lk3s=bfd515bb&x-expires=1785535200&x-signature=Zo8K8phm3Pacj4nzj23TkaZgHVw%3D&from=3218412987,2026-07-31 15:08:27,2026-08-01,热搜,抖音
34,九江文旅主打一个听劝,7704430,https://www.douyin.com/search/%E4%B9%9D%E6%B1%9F%E6%96%87%E6%97%85%E4%B8%BB%E6%89%93%E4%B8%80%E4%B8%AA%E5%90%AC%E5%8A%9D,https://p3-sign.douyinpic.com/tos-cn-p-0015/osEAqFqJgBCfAXDKIfGtCDCgEFCFra7c95uA99~noop.jpeg?lk3s=bfd515bb&x-expires=1785535200&x-signature=hjpQUZ1JASFNk2zacXKvA4IBO4Q%3D&from=3218412987,2026-07-30 20:22:27,2026-08-01,热搜,抖音
35,看金靖访谈像是上了一课,7703352,https://www.douyin.com/search/%E7%9C%8B%E9%87%91%E9%9D%96%E8%AE%BF%E8%B0%88%E5%83%8F%E6%98%AF%E4%B8%8A%E4%BA%86%E4%B8%80%E8%AF%BE,https://p11-sign.douyinpic.com/tos-cn-i-0813c000-ce/oMDqAoB7ICyaEEE8rf9WAv8Ecq2xlwfZA1AAFq~noop.jpeg?lk3s=bfd515bb&x-expires=1785535200&x-signature=ER9IGoZu5HPD5NMCKTAUX7vI6hw%3D&from=3218412987,2026-07-30 12:07:42,2026-08-01,热搜,抖音
36,杨迪也演天才女友了吗,7689774,https://www.douyin.com/search/%E6%9D%A8%E8%BF%AA%E4%B9%9F%E6%BC%94%E5%A4%A9%E6%89%8D%E5%A5%B3%E5%8F%8B%E4%BA%86%E5%90%97,https://p26-sign.douyinpic.com/tos-cn-p-0015c000-ce/oE7jiJBWA3tguI9UAmQWQdi1QDD8ReeWMgMZBe~noop.jpeg?lk3s=bfd515bb&x-expires=1785535200&x-signature=7HTooPzfKm%2Fz91voo7E6QvHi05U%3D&from=3218412987,2026-07-31 18:40:01,2026-08-01,热搜,抖音
37,荔枝官宣抖音首秀,7684108,https://www.douyin.com/search/%E8%8D%94%E6%9E%9D%E5%AE%98%E5%AE%A3%E6%8A%96%E9%9F%B3%E9%A6%96%E7%A7%80,https://p3-sign.douyinpic.com/tos-cn-p-0015/oozLeDEUQI2M50Jfge7rsQRDp1fRDGt3sHIAAC~noop.jpeg?lk3s=bfd515bb&x-expires=1785535200&x-signature=2w2Jp0oRgaI2B2NZQAuN%2FRBS4H4%3D&from=3218412987,2026-07-31 18:51:00,2026-08-01,热搜,抖音
38,穿搭回归主体性,7683689,https://www.douyin.com/search/%E7%A9%BF%E6%90%AD%E5%9B%9E%E5%BD%92%E4%B8%BB%E4%BD%93%E6%80%A7,https://p3-sign.douyinpic.com/tos-cn-i-0813c001/oIfKTpaABAEEAWAlnGD8GUQ10IA9Uf7AfFiBDL~noop.jpeg?lk3s=bfd515bb&x-expires=1785535200&x-signature=MCLn3p29asVeP4W2jZTuVl9Q%2Fm8%3D&from=3218412987,2026-07-30 17:43:38,2026-08-01,热搜,抖音
39,全网都在挑战这个扇风舞,7678411,https://www.douyin.com/search/%E5%85%A8%E7%BD%91%E9%83%BD%E5%9C%A8%E6%8C%91%E6%88%98%E8%BF%99%E4%B8%AA%E6%89%87%E9%A3%8E%E8%88%9E,https://p9-sign.douyinpic.com/tos-cn-p-0015c000-ce/oEeU9qqTajFEAQkzEAQQJwFfOEGwyFQDF4oBmi~noop.jpeg?lk3s=bfd515bb&x-expires=1785535200&x-signature=P77gjbyn9dpr%2BRFxPrfVhUF9Td8%3D&from=3218412987,2026-07-30 17:05:00,2026-08-01,热搜,抖音
40,九门吴老狗不识字,7672134,https://www.douyin.com/search/%E4%B9%9D%E9%97%A8%E5%90%B4%E8%80%81%E7%8B%97%E4%B8%8D%E8%AF%86%E5%AD%97,https://p3-sign.douyinpic.com/tos-cn-p-0015/oMEuICsf1ROE86A97WaqhAFjcUODflgAAH7UrB~noop.jpeg?lk3s=bfd515bb&x-expires=1785535200&x-signature=wrVhX%2B4VvUrNkMbkLUQ4SF4cOgY%3D&from=3218412987,2026-07-31 16:28:45,2026-08-01,热搜,抖音
41,我想要个潇洒的以后,7670042,https://www.douyin.com/search/%E6%88%91%E6%83%B3%E8%A6%81%E4%B8%AA%E6%BD%87%E6%B4%92%E7%9A%84%E4%BB%A5%E5%90%8E,https://p3-sign.douyinpic.com/tos-cn-i-0813c000-ce/okCHhZfEA92LAQFI2KFpA7DDACcbATaefejDH5~noop.jpeg?lk3s=bfd515bb&x-expires=1785535200&x-signature=eh7mtPhbsCKGUwVx2yZpUfuSItQ%3D&from=3218412987,2026-07-30 22:12:34,2026-08-01,热搜,抖音
42,夏日偷吃炸鸡叛逆挑战,7666036,https://www.douyin.com/search/%E5%A4%8F%E6%97%A5%E5%81%B7%E5%90%83%E7%82%B8%E9%B8%A1%E5%8F%9B%E9%80%86%E6%8C%91%E6%88%98,https://p3-sign.douyinpic.com/tos-cn-p-0015c000-ce/oMlEnI8owAznE83D9FfDuqDBhmaj6EAeIyNiBq~noop.jpeg?lk3s=bfd515bb&x-expires=1785535200&x-signature=iZ%2FO81msBPfHHfW7gDqUdit0Eso%3D&from=3218412987,2026-07-31 12:03:26,2026-08-01,热搜,抖音
43,东大高武秦雨逆袭校榜第一,7655240,https://www.douyin.com/search/%E4%B8%9C%E5%A4%A7%E9%AB%98%E6%AD%A6%E7%A7%A6%E9%9B%A8%E9%80%86%E8%A2%AD%E6%A0%A1%E6%A6%9C%E7%AC%AC%E4%B8%80,https://p3-sign.douyinpic.com/tos-cn-p-0015/oEqX4N6A9IkAFNKfetIDK6DqQrYFEA2qBgiAoa~noop.jpeg?lk3s=bfd515bb&x-expires=1785535200&x-signature=ESEpoeXCe323J56LlOlcitUruVo%3D&from=3218412987,2026-07-30 11:19:01,2026-08-01,热搜,抖音
44,TopBarry姚晓棠合作舞台,7655093,https://www.douyin.com/search/TopBarry%E5%A7%9A%E6%99%93%E6%A3%A0%E5%90%88%E4%BD%9C%E8%88%9E%E5%8F%B0,https://p5-sign.douyinpic.com/tos-cn-p-0015/oYPshEADi6BNYlwBRIQIKiTRGXs6IabPEqmAi~noop.jpeg?lk3s=bfd515bb&x-expires=1785535200&x-signature=yGVid%2BhlHCr5%2BIs9o0%2BghPLr1qc%3D&from=3218412987,2026-07-31 14:35:29,2026-08-01,热搜,抖音
45,田嘉瑞正太扭腰,7653146,https://www.douyin.com/search/%E7%94%B0%E5%98%89%E7%91%9E%E6%AD%A3%E5%A4%AA%E6%89%AD%E8%85%B0,https://p26-sign.douyinpic.com/tos-cn-p-0015/oIAF0PRHwiIBZbmrpaBhIQPAXPxmDtkLAiVIg~noop.jpeg?lk3s=bfd515bb&x-expires=1785535200&x-signature=ZB55a9lBuIxa4YGpBcLj5LJ1IvU%3D&from=3218412987,2026-07-30 21:34:01,2026-08-01,热搜,抖音
46,九门探秘好上头,7651717,https://www.douyin.com/search/%E4%B9%9D%E9%97%A8%E6%8E%A2%E7%A7%98%E5%A5%BD%E4%B8%8A%E5%A4%B4,https://p3-sign.douyinpic.com/tos-cn-p-0015/ooWEpLC7GGUT1dBDMAQhAgUZQe43ffBILaQBjC~noop.jpeg?lk3s=bfd515bb&x-expires=1785535200&x-signature=KEAMJaiFh9fCoq1K9RBNCEydQAU%3D&from=3218412987,2026-07-31 16:26:46,2026-08-01,热搜,抖音
47,洛阳的大盘鸡把我香迷糊了,7645592,https://www.douyin.com/search/%E6%B4%9B%E9%98%B3%E7%9A%84%E5%A4%A7%E7%9B%98%E9%B8%A1%E6%8A%8A%E6%88%91%E9%A6%99%E8%BF%B7%E7%B3%8A%E4%BA%86,https://p11-sign.douyinpic.com/tos-cn-p-0015/oQjqCWGHbAVgL9SegQF2axCDVfYmrYuEAABzVQ~noop.jpeg?lk3s=bfd515bb&x-expires=1785535200&x-signature=N1a5rtdotzPpzGPIOHx3ffIuKzY%3D&from=3218412987,2026-07-30 16:53:09,2026-08-01,热搜,抖音
48,当彝族元素走进日常穿搭,7644520,https://www.douyin.com/search/%E5%BD%93%E5%BD%9D%E6%97%8F%E5%85%83%E7%B4%A0%E8%B5%B0%E8%BF%9B%E6%97%A5%E5%B8%B8%E7%A9%BF%E6%90%AD,https://p26-sign.douyinpic.com/tos-cn-p-0015/owuI2tVgADSa3C8UDaFLgWQE9AlfDUjfAOBqii~noop.jpeg?lk3s=bfd515bb&x-expires=1785535200&x-signature=wh2dvMeV9nhIGqFC0oX%2BL%2BMdGe0%3D&from=3218412987,2026-07-30 11:40:29,2026-08-01,热搜,抖音
49,白小白乌兰图雅苹果香,7641019,https://www.douyin.com/search/%E7%99%BD%E5%B0%8F%E7%99%BD%E4%B9%8C%E5%85%B0%E5%9B%BE%E9%9B%85%E8%8B%B9%E6%9E%9C%E9%A6%99,https://p3-sign.douyinpic.com/tos-cn-p-0015c000-ce/oI6eEepZ6BAgIR8okgiyEe1BlANwGCpNI2PLsi~noop.jpeg?lk3s=bfd515bb&x-expires=1785535200&x-signature=hwAqWRs2ZBsHdxC8XL2Yl4rb3bI%3D&from=3218412987,2026-07-31 14:41:13,2026-08-01,热搜,抖音
