index,title,desc,hot,url,image,source,type,ranking_id,published_at,datetime
1,文学史上。。最著名的雨。。。是哪场,,,https://www.douban.com/group/topic/499244552/?_spm_id=MjMwOTE3Mjkw,,豆瓣,小组精选,group,,2026-09-10 00:23:49
2,从一首诗里突然get到他人的魅力都是来源于自己的欲望,,,https://www.douban.com/group/topic/498992238/?_spm_id=MTA0Mjk2ODA3,,豆瓣,小组精选,group,,2026-09-10 00:23:49
3,古城是烟火之地，生活之所。,,,https://www.douban.com/group/topic/499072351/?_spm_id=NzU2MTA1MzE,,豆瓣,小组精选,group,,2026-09-10 00:23:49
4,我将永远爱游泳，游泳将永远是我的最爱。,,,https://www.douban.com/group/topic/499042006/?_spm_id=MTYyNTA5MzU2,,豆瓣,小组精选,group,,2026-09-10 00:23:49
5,几个月前救的落水小猫，带着小伙伴找上门,,,https://www.douban.com/group/topic/499258606/?_spm_id=MjAyMTIzMjk0,,豆瓣,小组精选,group,,2026-09-10 00:23:49
6,热心帮同事解决臭味问题，结果发现臭味源自我,,,https://www.douban.com/group/topic/499253819/?_spm_id=MTgzMzU1ODI3,,豆瓣,小组精选,group,,2026-09-10 00:23:49
7,蓝雪花瀑布,,,https://www.douban.com/group/topic/499349482/?_spm_id=MjI1MDY2NDIw,,豆瓣,小组精选,group,,2026-09-10 00:23:49
8,插画师的家,,,https://www.douban.com/group/topic/499324377/?_spm_id=MTk5NjI2Mg,,豆瓣,小组精选,group,,2026-09-10 00:23:49
9,芬兰 CS 硕士一年整体验,,,https://www.douban.com/group/topic/499133349/?_spm_id=MTQzMTUwMzIz,,豆瓣,小组精选,group,,2026-09-10 00:23:49
10,梅里日照金山,,,https://www.douban.com/group/topic/499228560/?_spm_id=MjUwMzkzODc1,,豆瓣,小组精选,group,,2026-09-10 00:23:49
11,分享一些租房收纳,,,https://www.douban.com/group/topic/499249200/?_spm_id=Mjc2NDI4NTEw,,豆瓣,小组精选,group,,2026-09-10 00:23:49
12,收集一些长难句名字有意思的影片，适合改名字或者做签名（to小红书博主，我辛苦整理的片名不是你的流量工具。。。）,,,https://www.douban.com/group/topic/499132397/?_spm_id=MjI5MDIzMTg3,,豆瓣,小组精选,group,,2026-09-10 00:23:49
13,出国旅游（尤其欧洲）规划好根本没那么贵啊,,,https://www.douban.com/group/topic/498952139/?_spm_id=NzM3MDMyNzU,,豆瓣,小组精选,group,,2026-09-10 00:23:49
14,雪羊,,,https://www.douban.com/group/topic/499044228/?_spm_id=MTg5NzMwMjIz,,豆瓣,小组精选,group,,2026-09-10 00:23:49
15,下班的太阳·云纱遮眼限定款,,,https://www.douban.com/group/topic/498960951/?_spm_id=MTE5NDczODkz,,豆瓣,小组精选,group,,2026-09-10 00:23:49
16,堪比三星堆，北京这个特展应该收费,,,https://www.douban.com/group/topic/499255856/?_spm_id=MTYxNDA3ODAw,,豆瓣,小组精选,group,,2026-09-10 00:23:49
17,狸狸两岁了，还是像个宝宝,,,https://www.douban.com/group/topic/499111802/?_spm_id=MjA5NDg4OTc0,,豆瓣,小组精选,group,,2026-09-10 00:23:49
18,当我知道她只需要我一个伴娘的时候所有内耗都治好了,,,https://www.douban.com/group/topic/499150242/?_spm_id=MjE2MTU3ODY5,,豆瓣,小组精选,group,,2026-09-10 00:23:49
19,终于进组了 分享一下最近的早秋穿搭（持更 9.8/已变成自己的穿搭日记）,,,https://www.douban.com/group/topic/498953921/?_spm_id=NDI4NjI2MA,,豆瓣,小组精选,group,,2026-09-10 00:23:49
20,一树尽山河,,,https://www.douban.com/group/topic/499160743/?_spm_id=MjA3MTE5NzA3,,豆瓣,小组精选,group,,2026-09-10 00:23:49
21,我从过度消费到低物欲的心路历程,,,https://www.douban.com/group/topic/499048401/?_spm_id=MjUzOTE5NDU4,,豆瓣,小组精选,group,,2026-09-10 00:23:49
22,越南｜一个穿越回小时候的市场,,,https://www.douban.com/group/topic/498984653/?_spm_id=NzAwMjU4Mjk,,豆瓣,小组精选,group,,2026-09-10 00:23:49
23,每天都要感恩好几遍能遇到这样的乖宝宝,,,https://www.douban.com/group/topic/499168507/?_spm_id=MTIxNzI2OTY2,,豆瓣,小组精选,group,,2026-09-10 00:23:49
24,怡园的石榴红了,,,https://www.douban.com/group/topic/499185492/?_spm_id=MjA3NzY5NzU4,,豆瓣,小组精选,group,,2026-09-10 00:23:49
25,自学健身教练证超详细攻略（手搓4000字分享）,,,https://www.douban.com/group/topic/498902910/?_spm_id=MjAxMjI0MTUw,,豆瓣,小组精选,group,,2026-09-10 00:23:49
26,来参观呀！住了五年的家,,,https://www.douban.com/group/topic/499192441/?_spm_id=MTg3NjU5NDc4,,豆瓣,小组精选,group,,2026-09-10 00:23:49
27,和妈妈的济州岛五日游,,,https://www.douban.com/group/topic/498962038/?_spm_id=MjA5NDUzMzUz,,豆瓣,小组精选,group,,2026-09-10 00:23:49
28,我会丨我用workbuddy做了一个J人生活台，有手就会！,,,https://www.douban.com/group/topic/499000445/?_spm_id=Njk5NDI2ODU,,豆瓣,小组精选,group,,2026-09-10 00:23:49
29,很喜欢这段对好学生和讨好型人格的解读,,,https://www.douban.com/group/topic/499035104/?_spm_id=MjQwMzEyMjMz,,豆瓣,小组精选,group,,2026-09-10 00:23:49
30,我家，还是农村舒服,,,https://www.douban.com/group/topic/498790666/?_spm_id=MTk5ODcxMjg3,,豆瓣,小组精选,group,,2026-09-10 00:23:49
1,文学史上。。最著名的雨。。。是哪场,,,https://www.douban.com/group/topic/499244552/?_spm_id=MjMwOTE3Mjkw,,豆瓣,小组精选,group,,2026-09-10 01:18:54
2,从一首诗里突然get到他人的魅力都是来源于自己的欲望,,,https://www.douban.com/group/topic/498992238/?_spm_id=MTA0Mjk2ODA3,,豆瓣,小组精选,group,,2026-09-10 01:18:54
3,古城是烟火之地，生活之所。,,,https://www.douban.com/group/topic/499072351/?_spm_id=NzU2MTA1MzE,,豆瓣,小组精选,group,,2026-09-10 01:18:54
4,我将永远爱游泳，游泳将永远是我的最爱。,,,https://www.douban.com/group/topic/499042006/?_spm_id=MTYyNTA5MzU2,,豆瓣,小组精选,group,,2026-09-10 01:18:54
5,几个月前救的落水小猫，带着小伙伴找上门,,,https://www.douban.com/group/topic/499258606/?_spm_id=MjAyMTIzMjk0,,豆瓣,小组精选,group,,2026-09-10 01:18:54
6,热心帮同事解决臭味问题，结果发现臭味源自我,,,https://www.douban.com/group/topic/499253819/?_spm_id=MTgzMzU1ODI3,,豆瓣,小组精选,group,,2026-09-10 01:18:54
7,蓝雪花瀑布,,,https://www.douban.com/group/topic/499349482/?_spm_id=MjI1MDY2NDIw,,豆瓣,小组精选,group,,2026-09-10 01:18:54
8,插画师的家,,,https://www.douban.com/group/topic/499324377/?_spm_id=MTk5NjI2Mg,,豆瓣,小组精选,group,,2026-09-10 01:18:54
9,芬兰 CS 硕士一年整体验,,,https://www.douban.com/group/topic/499133349/?_spm_id=MTQzMTUwMzIz,,豆瓣,小组精选,group,,2026-09-10 01:18:54
10,梅里日照金山,,,https://www.douban.com/group/topic/499228560/?_spm_id=MjUwMzkzODc1,,豆瓣,小组精选,group,,2026-09-10 01:18:54
11,分享一些租房收纳,,,https://www.douban.com/group/topic/499249200/?_spm_id=Mjc2NDI4NTEw,,豆瓣,小组精选,group,,2026-09-10 01:18:54
12,收集一些长难句名字有意思的影片，适合改名字或者做签名（to小红书博主，我辛苦整理的片名不是你的流量工具。。。）,,,https://www.douban.com/group/topic/499132397/?_spm_id=MjI5MDIzMTg3,,豆瓣,小组精选,group,,2026-09-10 01:18:54
13,出国旅游（尤其欧洲）规划好根本没那么贵啊,,,https://www.douban.com/group/topic/498952139/?_spm_id=NzM3MDMyNzU,,豆瓣,小组精选,group,,2026-09-10 01:18:54
14,雪羊,,,https://www.douban.com/group/topic/499044228/?_spm_id=MTg5NzMwMjIz,,豆瓣,小组精选,group,,2026-09-10 01:18:54
15,下班的太阳·云纱遮眼限定款,,,https://www.douban.com/group/topic/498960951/?_spm_id=MTE5NDczODkz,,豆瓣,小组精选,group,,2026-09-10 01:18:54
16,堪比三星堆，北京这个特展应该收费,,,https://www.douban.com/group/topic/499255856/?_spm_id=MTYxNDA3ODAw,,豆瓣,小组精选,group,,2026-09-10 01:18:54
17,狸狸两岁了，还是像个宝宝,,,https://www.douban.com/group/topic/499111802/?_spm_id=MjA5NDg4OTc0,,豆瓣,小组精选,group,,2026-09-10 01:18:54
18,当我知道她只需要我一个伴娘的时候所有内耗都治好了,,,https://www.douban.com/group/topic/499150242/?_spm_id=MjE2MTU3ODY5,,豆瓣,小组精选,group,,2026-09-10 01:18:54
19,终于进组了 分享一下最近的早秋穿搭（持更 9.8/已变成自己的穿搭日记）,,,https://www.douban.com/group/topic/498953921/?_spm_id=NDI4NjI2MA,,豆瓣,小组精选,group,,2026-09-10 01:18:54
20,一树尽山河,,,https://www.douban.com/group/topic/499160743/?_spm_id=MjA3MTE5NzA3,,豆瓣,小组精选,group,,2026-09-10 01:18:54
21,我从过度消费到低物欲的心路历程,,,https://www.douban.com/group/topic/499048401/?_spm_id=MjUzOTE5NDU4,,豆瓣,小组精选,group,,2026-09-10 01:18:54
22,越南｜一个穿越回小时候的市场,,,https://www.douban.com/group/topic/498984653/?_spm_id=NzAwMjU4Mjk,,豆瓣,小组精选,group,,2026-09-10 01:18:54
23,每天都要感恩好几遍能遇到这样的乖宝宝,,,https://www.douban.com/group/topic/499168507/?_spm_id=MTIxNzI2OTY2,,豆瓣,小组精选,group,,2026-09-10 01:18:54
24,怡园的石榴红了,,,https://www.douban.com/group/topic/499185492/?_spm_id=MjA3NzY5NzU4,,豆瓣,小组精选,group,,2026-09-10 01:18:54
25,自学健身教练证超详细攻略（手搓4000字分享）,,,https://www.douban.com/group/topic/498902910/?_spm_id=MjAxMjI0MTUw,,豆瓣,小组精选,group,,2026-09-10 01:18:54
26,来参观呀！住了五年的家,,,https://www.douban.com/group/topic/499192441/?_spm_id=MTg3NjU5NDc4,,豆瓣,小组精选,group,,2026-09-10 01:18:54
27,和妈妈的济州岛五日游,,,https://www.douban.com/group/topic/498962038/?_spm_id=MjA5NDUzMzUz,,豆瓣,小组精选,group,,2026-09-10 01:18:54
28,我会丨我用workbuddy做了一个J人生活台，有手就会！,,,https://www.douban.com/group/topic/499000445/?_spm_id=Njk5NDI2ODU,,豆瓣,小组精选,group,,2026-09-10 01:18:54
29,很喜欢这段对好学生和讨好型人格的解读,,,https://www.douban.com/group/topic/499035104/?_spm_id=MjQwMzEyMjMz,,豆瓣,小组精选,group,,2026-09-10 01:18:54
30,我家，还是农村舒服,,,https://www.douban.com/group/topic/498790666/?_spm_id=MTk5ODcxMjg3,,豆瓣,小组精选,group,,2026-09-10 01:18:54
1,文学史上。。最著名的雨。。。是哪场,,,https://www.douban.com/group/topic/499244552/?_spm_id=MjMwOTE3Mjkw,,豆瓣,小组精选,group,,2026-09-10 02:26:27
2,从一首诗里突然get到他人的魅力都是来源于自己的欲望,,,https://www.douban.com/group/topic/498992238/?_spm_id=MTA0Mjk2ODA3,,豆瓣,小组精选,group,,2026-09-10 02:26:27
3,古城是烟火之地，生活之所。,,,https://www.douban.com/group/topic/499072351/?_spm_id=NzU2MTA1MzE,,豆瓣,小组精选,group,,2026-09-10 02:26:27
4,我将永远爱游泳，游泳将永远是我的最爱。,,,https://www.douban.com/group/topic/499042006/?_spm_id=MTYyNTA5MzU2,,豆瓣,小组精选,group,,2026-09-10 02:26:27
5,几个月前救的落水小猫，带着小伙伴找上门,,,https://www.douban.com/group/topic/499258606/?_spm_id=MjAyMTIzMjk0,,豆瓣,小组精选,group,,2026-09-10 02:26:27
6,热心帮同事解决臭味问题，结果发现臭味源自我,,,https://www.douban.com/group/topic/499253819/?_spm_id=MTgzMzU1ODI3,,豆瓣,小组精选,group,,2026-09-10 02:26:27
7,蓝雪花瀑布,,,https://www.douban.com/group/topic/499349482/?_spm_id=MjI1MDY2NDIw,,豆瓣,小组精选,group,,2026-09-10 02:26:27
8,插画师的家,,,https://www.douban.com/group/topic/499324377/?_spm_id=MTk5NjI2Mg,,豆瓣,小组精选,group,,2026-09-10 02:26:27
9,芬兰 CS 硕士一年整体验,,,https://www.douban.com/group/topic/499133349/?_spm_id=MTQzMTUwMzIz,,豆瓣,小组精选,group,,2026-09-10 02:26:27
10,梅里日照金山,,,https://www.douban.com/group/topic/499228560/?_spm_id=MjUwMzkzODc1,,豆瓣,小组精选,group,,2026-09-10 02:26:27
11,分享一些租房收纳,,,https://www.douban.com/group/topic/499249200/?_spm_id=Mjc2NDI4NTEw,,豆瓣,小组精选,group,,2026-09-10 02:26:27
12,收集一些长难句名字有意思的影片，适合改名字或者做签名（to小红书博主，我辛苦整理的片名不是你的流量工具。。。）,,,https://www.douban.com/group/topic/499132397/?_spm_id=MjI5MDIzMTg3,,豆瓣,小组精选,group,,2026-09-10 02:26:27
13,出国旅游（尤其欧洲）规划好根本没那么贵啊,,,https://www.douban.com/group/topic/498952139/?_spm_id=NzM3MDMyNzU,,豆瓣,小组精选,group,,2026-09-10 02:26:27
14,雪羊,,,https://www.douban.com/group/topic/499044228/?_spm_id=MTg5NzMwMjIz,,豆瓣,小组精选,group,,2026-09-10 02:26:27
15,下班的太阳·云纱遮眼限定款,,,https://www.douban.com/group/topic/498960951/?_spm_id=MTE5NDczODkz,,豆瓣,小组精选,group,,2026-09-10 02:26:27
16,堪比三星堆，北京这个特展应该收费,,,https://www.douban.com/group/topic/499255856/?_spm_id=MTYxNDA3ODAw,,豆瓣,小组精选,group,,2026-09-10 02:26:27
17,狸狸两岁了，还是像个宝宝,,,https://www.douban.com/group/topic/499111802/?_spm_id=MjA5NDg4OTc0,,豆瓣,小组精选,group,,2026-09-10 02:26:27
18,当我知道她只需要我一个伴娘的时候所有内耗都治好了,,,https://www.douban.com/group/topic/499150242/?_spm_id=MjE2MTU3ODY5,,豆瓣,小组精选,group,,2026-09-10 02:26:27
19,终于进组了 分享一下最近的早秋穿搭（持更 9.8/已变成自己的穿搭日记）,,,https://www.douban.com/group/topic/498953921/?_spm_id=NDI4NjI2MA,,豆瓣,小组精选,group,,2026-09-10 02:26:27
20,一树尽山河,,,https://www.douban.com/group/topic/499160743/?_spm_id=MjA3MTE5NzA3,,豆瓣,小组精选,group,,2026-09-10 02:26:27
21,我从过度消费到低物欲的心路历程,,,https://www.douban.com/group/topic/499048401/?_spm_id=MjUzOTE5NDU4,,豆瓣,小组精选,group,,2026-09-10 02:26:27
22,越南｜一个穿越回小时候的市场,,,https://www.douban.com/group/topic/498984653/?_spm_id=NzAwMjU4Mjk,,豆瓣,小组精选,group,,2026-09-10 02:26:27
23,每天都要感恩好几遍能遇到这样的乖宝宝,,,https://www.douban.com/group/topic/499168507/?_spm_id=MTIxNzI2OTY2,,豆瓣,小组精选,group,,2026-09-10 02:26:27
24,怡园的石榴红了,,,https://www.douban.com/group/topic/499185492/?_spm_id=MjA3NzY5NzU4,,豆瓣,小组精选,group,,2026-09-10 02:26:27
25,自学健身教练证超详细攻略（手搓4000字分享）,,,https://www.douban.com/group/topic/498902910/?_spm_id=MjAxMjI0MTUw,,豆瓣,小组精选,group,,2026-09-10 02:26:27
26,来参观呀！住了五年的家,,,https://www.douban.com/group/topic/499192441/?_spm_id=MTg3NjU5NDc4,,豆瓣,小组精选,group,,2026-09-10 02:26:27
27,和妈妈的济州岛五日游,,,https://www.douban.com/group/topic/498962038/?_spm_id=MjA5NDUzMzUz,,豆瓣,小组精选,group,,2026-09-10 02:26:27
28,我会丨我用workbuddy做了一个J人生活台，有手就会！,,,https://www.douban.com/group/topic/499000445/?_spm_id=Njk5NDI2ODU,,豆瓣,小组精选,group,,2026-09-10 02:26:27
29,很喜欢这段对好学生和讨好型人格的解读,,,https://www.douban.com/group/topic/499035104/?_spm_id=MjQwMzEyMjMz,,豆瓣,小组精选,group,,2026-09-10 02:26:27
30,我家，还是农村舒服,,,https://www.douban.com/group/topic/498790666/?_spm_id=MTk5ODcxMjg3,,豆瓣,小组精选,group,,2026-09-10 02:26:27
1,文学史上。。最著名的雨。。。是哪场,,,https://www.douban.com/group/topic/499244552/?_spm_id=MjMwOTE3Mjkw,,豆瓣,小组精选,group,,2026-09-10 03:17:12
2,从一首诗里突然get到他人的魅力都是来源于自己的欲望,,,https://www.douban.com/group/topic/498992238/?_spm_id=MTA0Mjk2ODA3,,豆瓣,小组精选,group,,2026-09-10 03:17:12
3,古城是烟火之地，生活之所。,,,https://www.douban.com/group/topic/499072351/?_spm_id=NzU2MTA1MzE,,豆瓣,小组精选,group,,2026-09-10 03:17:12
4,我将永远爱游泳，游泳将永远是我的最爱。,,,https://www.douban.com/group/topic/499042006/?_spm_id=MTYyNTA5MzU2,,豆瓣,小组精选,group,,2026-09-10 03:17:12
5,几个月前救的落水小猫，带着小伙伴找上门,,,https://www.douban.com/group/topic/499258606/?_spm_id=MjAyMTIzMjk0,,豆瓣,小组精选,group,,2026-09-10 03:17:12
6,热心帮同事解决臭味问题，结果发现臭味源自我,,,https://www.douban.com/group/topic/499253819/?_spm_id=MTgzMzU1ODI3,,豆瓣,小组精选,group,,2026-09-10 03:17:12
7,蓝雪花瀑布,,,https://www.douban.com/group/topic/499349482/?_spm_id=MjI1MDY2NDIw,,豆瓣,小组精选,group,,2026-09-10 03:17:12
8,插画师的家,,,https://www.douban.com/group/topic/499324377/?_spm_id=MTk5NjI2Mg,,豆瓣,小组精选,group,,2026-09-10 03:17:12
9,芬兰 CS 硕士一年整体验,,,https://www.douban.com/group/topic/499133349/?_spm_id=MTQzMTUwMzIz,,豆瓣,小组精选,group,,2026-09-10 03:17:12
10,梅里日照金山,,,https://www.douban.com/group/topic/499228560/?_spm_id=MjUwMzkzODc1,,豆瓣,小组精选,group,,2026-09-10 03:17:12
11,分享一些租房收纳,,,https://www.douban.com/group/topic/499249200/?_spm_id=Mjc2NDI4NTEw,,豆瓣,小组精选,group,,2026-09-10 03:17:12
12,收集一些长难句名字有意思的影片，适合改名字或者做签名（to小红书博主，我辛苦整理的片名不是你的流量工具。。。）,,,https://www.douban.com/group/topic/499132397/?_spm_id=MjI5MDIzMTg3,,豆瓣,小组精选,group,,2026-09-10 03:17:12
13,出国旅游（尤其欧洲）规划好根本没那么贵啊,,,https://www.douban.com/group/topic/498952139/?_spm_id=NzM3MDMyNzU,,豆瓣,小组精选,group,,2026-09-10 03:17:12
14,雪羊,,,https://www.douban.com/group/topic/499044228/?_spm_id=MTg5NzMwMjIz,,豆瓣,小组精选,group,,2026-09-10 03:17:12
15,下班的太阳·云纱遮眼限定款,,,https://www.douban.com/group/topic/498960951/?_spm_id=MTE5NDczODkz,,豆瓣,小组精选,group,,2026-09-10 03:17:12
16,堪比三星堆，北京这个特展应该收费,,,https://www.douban.com/group/topic/499255856/?_spm_id=MTYxNDA3ODAw,,豆瓣,小组精选,group,,2026-09-10 03:17:12
17,狸狸两岁了，还是像个宝宝,,,https://www.douban.com/group/topic/499111802/?_spm_id=MjA5NDg4OTc0,,豆瓣,小组精选,group,,2026-09-10 03:17:12
18,当我知道她只需要我一个伴娘的时候所有内耗都治好了,,,https://www.douban.com/group/topic/499150242/?_spm_id=MjE2MTU3ODY5,,豆瓣,小组精选,group,,2026-09-10 03:17:12
19,终于进组了 分享一下最近的早秋穿搭（持更 9.8/已变成自己的穿搭日记）,,,https://www.douban.com/group/topic/498953921/?_spm_id=NDI4NjI2MA,,豆瓣,小组精选,group,,2026-09-10 03:17:12
20,一树尽山河,,,https://www.douban.com/group/topic/499160743/?_spm_id=MjA3MTE5NzA3,,豆瓣,小组精选,group,,2026-09-10 03:17:12
21,我从过度消费到低物欲的心路历程,,,https://www.douban.com/group/topic/499048401/?_spm_id=MjUzOTE5NDU4,,豆瓣,小组精选,group,,2026-09-10 03:17:12
22,越南｜一个穿越回小时候的市场,,,https://www.douban.com/group/topic/498984653/?_spm_id=NzAwMjU4Mjk,,豆瓣,小组精选,group,,2026-09-10 03:17:12
23,每天都要感恩好几遍能遇到这样的乖宝宝,,,https://www.douban.com/group/topic/499168507/?_spm_id=MTIxNzI2OTY2,,豆瓣,小组精选,group,,2026-09-10 03:17:12
24,怡园的石榴红了,,,https://www.douban.com/group/topic/499185492/?_spm_id=MjA3NzY5NzU4,,豆瓣,小组精选,group,,2026-09-10 03:17:12
25,自学健身教练证超详细攻略（手搓4000字分享）,,,https://www.douban.com/group/topic/498902910/?_spm_id=MjAxMjI0MTUw,,豆瓣,小组精选,group,,2026-09-10 03:17:12
26,来参观呀！住了五年的家,,,https://www.douban.com/group/topic/499192441/?_spm_id=MTg3NjU5NDc4,,豆瓣,小组精选,group,,2026-09-10 03:17:12
27,和妈妈的济州岛五日游,,,https://www.douban.com/group/topic/498962038/?_spm_id=MjA5NDUzMzUz,,豆瓣,小组精选,group,,2026-09-10 03:17:12
28,我会丨我用workbuddy做了一个J人生活台，有手就会！,,,https://www.douban.com/group/topic/499000445/?_spm_id=Njk5NDI2ODU,,豆瓣,小组精选,group,,2026-09-10 03:17:12
29,很喜欢这段对好学生和讨好型人格的解读,,,https://www.douban.com/group/topic/499035104/?_spm_id=MjQwMzEyMjMz,,豆瓣,小组精选,group,,2026-09-10 03:17:12
30,我家，还是农村舒服,,,https://www.douban.com/group/topic/498790666/?_spm_id=MTk5ODcxMjg3,,豆瓣,小组精选,group,,2026-09-10 03:17:12
1,文学史上。。最著名的雨。。。是哪场,,,https://www.douban.com/group/topic/499244552/?_spm_id=MjMwOTE3Mjkw,,豆瓣,小组精选,group,,2026-09-10 04:21:36
2,从一首诗里突然get到他人的魅力都是来源于自己的欲望,,,https://www.douban.com/group/topic/498992238/?_spm_id=MTA0Mjk2ODA3,,豆瓣,小组精选,group,,2026-09-10 04:21:36
3,古城是烟火之地，生活之所。,,,https://www.douban.com/group/topic/499072351/?_spm_id=NzU2MTA1MzE,,豆瓣,小组精选,group,,2026-09-10 04:21:36
4,我将永远爱游泳，游泳将永远是我的最爱。,,,https://www.douban.com/group/topic/499042006/?_spm_id=MTYyNTA5MzU2,,豆瓣,小组精选,group,,2026-09-10 04:21:36
5,几个月前救的落水小猫，带着小伙伴找上门,,,https://www.douban.com/group/topic/499258606/?_spm_id=MjAyMTIzMjk0,,豆瓣,小组精选,group,,2026-09-10 04:21:36
6,热心帮同事解决臭味问题，结果发现臭味源自我,,,https://www.douban.com/group/topic/499253819/?_spm_id=MTgzMzU1ODI3,,豆瓣,小组精选,group,,2026-09-10 04:21:36
7,蓝雪花瀑布,,,https://www.douban.com/group/topic/499349482/?_spm_id=MjI1MDY2NDIw,,豆瓣,小组精选,group,,2026-09-10 04:21:36
8,插画师的家,,,https://www.douban.com/group/topic/499324377/?_spm_id=MTk5NjI2Mg,,豆瓣,小组精选,group,,2026-09-10 04:21:36
9,芬兰 CS 硕士一年整体验,,,https://www.douban.com/group/topic/499133349/?_spm_id=MTQzMTUwMzIz,,豆瓣,小组精选,group,,2026-09-10 04:21:36
10,梅里日照金山,,,https://www.douban.com/group/topic/499228560/?_spm_id=MjUwMzkzODc1,,豆瓣,小组精选,group,,2026-09-10 04:21:36
11,分享一些租房收纳,,,https://www.douban.com/group/topic/499249200/?_spm_id=Mjc2NDI4NTEw,,豆瓣,小组精选,group,,2026-09-10 04:21:36
12,收集一些长难句名字有意思的影片，适合改名字或者做签名（to小红书博主，我辛苦整理的片名不是你的流量工具。。。）,,,https://www.douban.com/group/topic/499132397/?_spm_id=MjI5MDIzMTg3,,豆瓣,小组精选,group,,2026-09-10 04:21:36
13,出国旅游（尤其欧洲）规划好根本没那么贵啊,,,https://www.douban.com/group/topic/498952139/?_spm_id=NzM3MDMyNzU,,豆瓣,小组精选,group,,2026-09-10 04:21:36
14,雪羊,,,https://www.douban.com/group/topic/499044228/?_spm_id=MTg5NzMwMjIz,,豆瓣,小组精选,group,,2026-09-10 04:21:36
15,下班的太阳·云纱遮眼限定款,,,https://www.douban.com/group/topic/498960951/?_spm_id=MTE5NDczODkz,,豆瓣,小组精选,group,,2026-09-10 04:21:36
16,堪比三星堆，北京这个特展应该收费,,,https://www.douban.com/group/topic/499255856/?_spm_id=MTYxNDA3ODAw,,豆瓣,小组精选,group,,2026-09-10 04:21:36
17,狸狸两岁了，还是像个宝宝,,,https://www.douban.com/group/topic/499111802/?_spm_id=MjA5NDg4OTc0,,豆瓣,小组精选,group,,2026-09-10 04:21:36
18,当我知道她只需要我一个伴娘的时候所有内耗都治好了,,,https://www.douban.com/group/topic/499150242/?_spm_id=MjE2MTU3ODY5,,豆瓣,小组精选,group,,2026-09-10 04:21:36
19,终于进组了 分享一下最近的早秋穿搭（持更 9.8/已变成自己的穿搭日记）,,,https://www.douban.com/group/topic/498953921/?_spm_id=NDI4NjI2MA,,豆瓣,小组精选,group,,2026-09-10 04:21:36
20,一树尽山河,,,https://www.douban.com/group/topic/499160743/?_spm_id=MjA3MTE5NzA3,,豆瓣,小组精选,group,,2026-09-10 04:21:36
21,我从过度消费到低物欲的心路历程,,,https://www.douban.com/group/topic/499048401/?_spm_id=MjUzOTE5NDU4,,豆瓣,小组精选,group,,2026-09-10 04:21:36
22,越南｜一个穿越回小时候的市场,,,https://www.douban.com/group/topic/498984653/?_spm_id=NzAwMjU4Mjk,,豆瓣,小组精选,group,,2026-09-10 04:21:36
23,每天都要感恩好几遍能遇到这样的乖宝宝,,,https://www.douban.com/group/topic/499168507/?_spm_id=MTIxNzI2OTY2,,豆瓣,小组精选,group,,2026-09-10 04:21:36
24,怡园的石榴红了,,,https://www.douban.com/group/topic/499185492/?_spm_id=MjA3NzY5NzU4,,豆瓣,小组精选,group,,2026-09-10 04:21:36
25,自学健身教练证超详细攻略（手搓4000字分享）,,,https://www.douban.com/group/topic/498902910/?_spm_id=MjAxMjI0MTUw,,豆瓣,小组精选,group,,2026-09-10 04:21:36
26,来参观呀！住了五年的家,,,https://www.douban.com/group/topic/499192441/?_spm_id=MTg3NjU5NDc4,,豆瓣,小组精选,group,,2026-09-10 04:21:36
27,和妈妈的济州岛五日游,,,https://www.douban.com/group/topic/498962038/?_spm_id=MjA5NDUzMzUz,,豆瓣,小组精选,group,,2026-09-10 04:21:36
28,我会丨我用workbuddy做了一个J人生活台，有手就会！,,,https://www.douban.com/group/topic/499000445/?_spm_id=Njk5NDI2ODU,,豆瓣,小组精选,group,,2026-09-10 04:21:36
29,很喜欢这段对好学生和讨好型人格的解读,,,https://www.douban.com/group/topic/499035104/?_spm_id=MjQwMzEyMjMz,,豆瓣,小组精选,group,,2026-09-10 04:21:36
30,我家，还是农村舒服,,,https://www.douban.com/group/topic/498790666/?_spm_id=MTk5ODcxMjg3,,豆瓣,小组精选,group,,2026-09-10 04:21:36
1,文学史上。。最著名的雨。。。是哪场,,,https://www.douban.com/group/topic/499244552/?_spm_id=MjMwOTE3Mjkw,,豆瓣,小组精选,group,,2026-09-10 05:17:37
2,从一首诗里突然get到他人的魅力都是来源于自己的欲望,,,https://www.douban.com/group/topic/498992238/?_spm_id=MTA0Mjk2ODA3,,豆瓣,小组精选,group,,2026-09-10 05:17:37
3,古城是烟火之地，生活之所。,,,https://www.douban.com/group/topic/499072351/?_spm_id=NzU2MTA1MzE,,豆瓣,小组精选,group,,2026-09-10 05:17:37
4,我将永远爱游泳，游泳将永远是我的最爱。,,,https://www.douban.com/group/topic/499042006/?_spm_id=MTYyNTA5MzU2,,豆瓣,小组精选,group,,2026-09-10 05:17:37
5,几个月前救的落水小猫，带着小伙伴找上门,,,https://www.douban.com/group/topic/499258606/?_spm_id=MjAyMTIzMjk0,,豆瓣,小组精选,group,,2026-09-10 05:17:37
6,热心帮同事解决臭味问题，结果发现臭味源自我,,,https://www.douban.com/group/topic/499253819/?_spm_id=MTgzMzU1ODI3,,豆瓣,小组精选,group,,2026-09-10 05:17:37
7,蓝雪花瀑布,,,https://www.douban.com/group/topic/499349482/?_spm_id=MjI1MDY2NDIw,,豆瓣,小组精选,group,,2026-09-10 05:17:37
8,插画师的家,,,https://www.douban.com/group/topic/499324377/?_spm_id=MTk5NjI2Mg,,豆瓣,小组精选,group,,2026-09-10 05:17:37
9,芬兰 CS 硕士一年整体验,,,https://www.douban.com/group/topic/499133349/?_spm_id=MTQzMTUwMzIz,,豆瓣,小组精选,group,,2026-09-10 05:17:37
10,梅里日照金山,,,https://www.douban.com/group/topic/499228560/?_spm_id=MjUwMzkzODc1,,豆瓣,小组精选,group,,2026-09-10 05:17:37
11,分享一些租房收纳,,,https://www.douban.com/group/topic/499249200/?_spm_id=Mjc2NDI4NTEw,,豆瓣,小组精选,group,,2026-09-10 05:17:37
12,收集一些长难句名字有意思的影片，适合改名字或者做签名（to小红书博主，我辛苦整理的片名不是你的流量工具。。。）,,,https://www.douban.com/group/topic/499132397/?_spm_id=MjI5MDIzMTg3,,豆瓣,小组精选,group,,2026-09-10 05:17:37
13,出国旅游（尤其欧洲）规划好根本没那么贵啊,,,https://www.douban.com/group/topic/498952139/?_spm_id=NzM3MDMyNzU,,豆瓣,小组精选,group,,2026-09-10 05:17:37
14,雪羊,,,https://www.douban.com/group/topic/499044228/?_spm_id=MTg5NzMwMjIz,,豆瓣,小组精选,group,,2026-09-10 05:17:37
15,下班的太阳·云纱遮眼限定款,,,https://www.douban.com/group/topic/498960951/?_spm_id=MTE5NDczODkz,,豆瓣,小组精选,group,,2026-09-10 05:17:37
16,堪比三星堆，北京这个特展应该收费,,,https://www.douban.com/group/topic/499255856/?_spm_id=MTYxNDA3ODAw,,豆瓣,小组精选,group,,2026-09-10 05:17:37
17,狸狸两岁了，还是像个宝宝,,,https://www.douban.com/group/topic/499111802/?_spm_id=MjA5NDg4OTc0,,豆瓣,小组精选,group,,2026-09-10 05:17:37
18,当我知道她只需要我一个伴娘的时候所有内耗都治好了,,,https://www.douban.com/group/topic/499150242/?_spm_id=MjE2MTU3ODY5,,豆瓣,小组精选,group,,2026-09-10 05:17:37
19,终于进组了 分享一下最近的早秋穿搭（持更 9.8/已变成自己的穿搭日记）,,,https://www.douban.com/group/topic/498953921/?_spm_id=NDI4NjI2MA,,豆瓣,小组精选,group,,2026-09-10 05:17:37
20,一树尽山河,,,https://www.douban.com/group/topic/499160743/?_spm_id=MjA3MTE5NzA3,,豆瓣,小组精选,group,,2026-09-10 05:17:37
21,我从过度消费到低物欲的心路历程,,,https://www.douban.com/group/topic/499048401/?_spm_id=MjUzOTE5NDU4,,豆瓣,小组精选,group,,2026-09-10 05:17:37
22,越南｜一个穿越回小时候的市场,,,https://www.douban.com/group/topic/498984653/?_spm_id=NzAwMjU4Mjk,,豆瓣,小组精选,group,,2026-09-10 05:17:37
23,每天都要感恩好几遍能遇到这样的乖宝宝,,,https://www.douban.com/group/topic/499168507/?_spm_id=MTIxNzI2OTY2,,豆瓣,小组精选,group,,2026-09-10 05:17:37
24,怡园的石榴红了,,,https://www.douban.com/group/topic/499185492/?_spm_id=MjA3NzY5NzU4,,豆瓣,小组精选,group,,2026-09-10 05:17:37
25,自学健身教练证超详细攻略（手搓4000字分享）,,,https://www.douban.com/group/topic/498902910/?_spm_id=MjAxMjI0MTUw,,豆瓣,小组精选,group,,2026-09-10 05:17:37
26,来参观呀！住了五年的家,,,https://www.douban.com/group/topic/499192441/?_spm_id=MTg3NjU5NDc4,,豆瓣,小组精选,group,,2026-09-10 05:17:37
27,和妈妈的济州岛五日游,,,https://www.douban.com/group/topic/498962038/?_spm_id=MjA5NDUzMzUz,,豆瓣,小组精选,group,,2026-09-10 05:17:37
28,我会丨我用workbuddy做了一个J人生活台，有手就会！,,,https://www.douban.com/group/topic/499000445/?_spm_id=Njk5NDI2ODU,,豆瓣,小组精选,group,,2026-09-10 05:17:37
29,很喜欢这段对好学生和讨好型人格的解读,,,https://www.douban.com/group/topic/499035104/?_spm_id=MjQwMzEyMjMz,,豆瓣,小组精选,group,,2026-09-10 05:17:37
30,我家，还是农村舒服,,,https://www.douban.com/group/topic/498790666/?_spm_id=MTk5ODcxMjg3,,豆瓣,小组精选,group,,2026-09-10 05:17:37
1,文学史上。。最著名的雨。。。是哪场,,,https://www.douban.com/group/topic/499244552/?_spm_id=MjMwOTE3Mjkw,,豆瓣,小组精选,group,,2026-09-10 06:18:43
2,从一首诗里突然get到他人的魅力都是来源于自己的欲望,,,https://www.douban.com/group/topic/498992238/?_spm_id=MTA0Mjk2ODA3,,豆瓣,小组精选,group,,2026-09-10 06:18:43
3,古城是烟火之地，生活之所。,,,https://www.douban.com/group/topic/499072351/?_spm_id=NzU2MTA1MzE,,豆瓣,小组精选,group,,2026-09-10 06:18:43
4,我将永远爱游泳，游泳将永远是我的最爱。,,,https://www.douban.com/group/topic/499042006/?_spm_id=MTYyNTA5MzU2,,豆瓣,小组精选,group,,2026-09-10 06:18:43
5,几个月前救的落水小猫，带着小伙伴找上门,,,https://www.douban.com/group/topic/499258606/?_spm_id=MjAyMTIzMjk0,,豆瓣,小组精选,group,,2026-09-10 06:18:43
6,热心帮同事解决臭味问题，结果发现臭味源自我,,,https://www.douban.com/group/topic/499253819/?_spm_id=MTgzMzU1ODI3,,豆瓣,小组精选,group,,2026-09-10 06:18:43
7,蓝雪花瀑布,,,https://www.douban.com/group/topic/499349482/?_spm_id=MjI1MDY2NDIw,,豆瓣,小组精选,group,,2026-09-10 06:18:43
8,插画师的家,,,https://www.douban.com/group/topic/499324377/?_spm_id=MTk5NjI2Mg,,豆瓣,小组精选,group,,2026-09-10 06:18:43
9,芬兰 CS 硕士一年整体验,,,https://www.douban.com/group/topic/499133349/?_spm_id=MTQzMTUwMzIz,,豆瓣,小组精选,group,,2026-09-10 06:18:43
10,梅里日照金山,,,https://www.douban.com/group/topic/499228560/?_spm_id=MjUwMzkzODc1,,豆瓣,小组精选,group,,2026-09-10 06:18:43
11,分享一些租房收纳,,,https://www.douban.com/group/topic/499249200/?_spm_id=Mjc2NDI4NTEw,,豆瓣,小组精选,group,,2026-09-10 06:18:43
12,收集一些长难句名字有意思的影片，适合改名字或者做签名（to小红书博主，我辛苦整理的片名不是你的流量工具。。。）,,,https://www.douban.com/group/topic/499132397/?_spm_id=MjI5MDIzMTg3,,豆瓣,小组精选,group,,2026-09-10 06:18:43
13,出国旅游（尤其欧洲）规划好根本没那么贵啊,,,https://www.douban.com/group/topic/498952139/?_spm_id=NzM3MDMyNzU,,豆瓣,小组精选,group,,2026-09-10 06:18:43
14,雪羊,,,https://www.douban.com/group/topic/499044228/?_spm_id=MTg5NzMwMjIz,,豆瓣,小组精选,group,,2026-09-10 06:18:43
15,下班的太阳·云纱遮眼限定款,,,https://www.douban.com/group/topic/498960951/?_spm_id=MTE5NDczODkz,,豆瓣,小组精选,group,,2026-09-10 06:18:43
16,堪比三星堆，北京这个特展应该收费,,,https://www.douban.com/group/topic/499255856/?_spm_id=MTYxNDA3ODAw,,豆瓣,小组精选,group,,2026-09-10 06:18:43
17,狸狸两岁了，还是像个宝宝,,,https://www.douban.com/group/topic/499111802/?_spm_id=MjA5NDg4OTc0,,豆瓣,小组精选,group,,2026-09-10 06:18:43
18,当我知道她只需要我一个伴娘的时候所有内耗都治好了,,,https://www.douban.com/group/topic/499150242/?_spm_id=MjE2MTU3ODY5,,豆瓣,小组精选,group,,2026-09-10 06:18:43
19,终于进组了 分享一下最近的早秋穿搭（持更 9.8/已变成自己的穿搭日记）,,,https://www.douban.com/group/topic/498953921/?_spm_id=NDI4NjI2MA,,豆瓣,小组精选,group,,2026-09-10 06:18:43
20,一树尽山河,,,https://www.douban.com/group/topic/499160743/?_spm_id=MjA3MTE5NzA3,,豆瓣,小组精选,group,,2026-09-10 06:18:43
21,我从过度消费到低物欲的心路历程,,,https://www.douban.com/group/topic/499048401/?_spm_id=MjUzOTE5NDU4,,豆瓣,小组精选,group,,2026-09-10 06:18:43
22,越南｜一个穿越回小时候的市场,,,https://www.douban.com/group/topic/498984653/?_spm_id=NzAwMjU4Mjk,,豆瓣,小组精选,group,,2026-09-10 06:18:43
23,每天都要感恩好几遍能遇到这样的乖宝宝,,,https://www.douban.com/group/topic/499168507/?_spm_id=MTIxNzI2OTY2,,豆瓣,小组精选,group,,2026-09-10 06:18:43
24,怡园的石榴红了,,,https://www.douban.com/group/topic/499185492/?_spm_id=MjA3NzY5NzU4,,豆瓣,小组精选,group,,2026-09-10 06:18:43
25,自学健身教练证超详细攻略（手搓4000字分享）,,,https://www.douban.com/group/topic/498902910/?_spm_id=MjAxMjI0MTUw,,豆瓣,小组精选,group,,2026-09-10 06:18:43
26,来参观呀！住了五年的家,,,https://www.douban.com/group/topic/499192441/?_spm_id=MTg3NjU5NDc4,,豆瓣,小组精选,group,,2026-09-10 06:18:43
27,和妈妈的济州岛五日游,,,https://www.douban.com/group/topic/498962038/?_spm_id=MjA5NDUzMzUz,,豆瓣,小组精选,group,,2026-09-10 06:18:43
28,我会丨我用workbuddy做了一个J人生活台，有手就会！,,,https://www.douban.com/group/topic/499000445/?_spm_id=Njk5NDI2ODU,,豆瓣,小组精选,group,,2026-09-10 06:18:43
29,很喜欢这段对好学生和讨好型人格的解读,,,https://www.douban.com/group/topic/499035104/?_spm_id=MjQwMzEyMjMz,,豆瓣,小组精选,group,,2026-09-10 06:18:43
30,我家，还是农村舒服,,,https://www.douban.com/group/topic/498790666/?_spm_id=MTk5ODcxMjg3,,豆瓣,小组精选,group,,2026-09-10 06:18:43
1,文学史上。。最著名的雨。。。是哪场,,,https://www.douban.com/group/topic/499244552/?_spm_id=MjMwOTE3Mjkw,,豆瓣,小组精选,group,,2026-09-10 08:53:53
2,从一首诗里突然get到他人的魅力都是来源于自己的欲望,,,https://www.douban.com/group/topic/498992238/?_spm_id=MTA0Mjk2ODA3,,豆瓣,小组精选,group,,2026-09-10 08:53:53
3,古城是烟火之地，生活之所。,,,https://www.douban.com/group/topic/499072351/?_spm_id=NzU2MTA1MzE,,豆瓣,小组精选,group,,2026-09-10 08:53:53
4,我将永远爱游泳，游泳将永远是我的最爱。,,,https://www.douban.com/group/topic/499042006/?_spm_id=MTYyNTA5MzU2,,豆瓣,小组精选,group,,2026-09-10 08:53:53
5,几个月前救的落水小猫，带着小伙伴找上门,,,https://www.douban.com/group/topic/499258606/?_spm_id=MjAyMTIzMjk0,,豆瓣,小组精选,group,,2026-09-10 08:53:53
6,热心帮同事解决臭味问题，结果发现臭味源自我,,,https://www.douban.com/group/topic/499253819/?_spm_id=MTgzMzU1ODI3,,豆瓣,小组精选,group,,2026-09-10 08:53:53
7,蓝雪花瀑布,,,https://www.douban.com/group/topic/499349482/?_spm_id=MjI1MDY2NDIw,,豆瓣,小组精选,group,,2026-09-10 08:53:53
8,插画师的家,,,https://www.douban.com/group/topic/499324377/?_spm_id=MTk5NjI2Mg,,豆瓣,小组精选,group,,2026-09-10 08:53:53
9,芬兰 CS 硕士一年整体验,,,https://www.douban.com/group/topic/499133349/?_spm_id=MTQzMTUwMzIz,,豆瓣,小组精选,group,,2026-09-10 08:53:53
10,梅里日照金山,,,https://www.douban.com/group/topic/499228560/?_spm_id=MjUwMzkzODc1,,豆瓣,小组精选,group,,2026-09-10 08:53:53
11,分享一些租房收纳,,,https://www.douban.com/group/topic/499249200/?_spm_id=Mjc2NDI4NTEw,,豆瓣,小组精选,group,,2026-09-10 08:53:53
12,收集一些长难句名字有意思的影片，适合改名字或者做签名（to小红书博主，我辛苦整理的片名不是你的流量工具。。。）,,,https://www.douban.com/group/topic/499132397/?_spm_id=MjI5MDIzMTg3,,豆瓣,小组精选,group,,2026-09-10 08:53:53
13,出国旅游（尤其欧洲）规划好根本没那么贵啊,,,https://www.douban.com/group/topic/498952139/?_spm_id=NzM3MDMyNzU,,豆瓣,小组精选,group,,2026-09-10 08:53:53
14,雪羊,,,https://www.douban.com/group/topic/499044228/?_spm_id=MTg5NzMwMjIz,,豆瓣,小组精选,group,,2026-09-10 08:53:53
15,下班的太阳·云纱遮眼限定款,,,https://www.douban.com/group/topic/498960951/?_spm_id=MTE5NDczODkz,,豆瓣,小组精选,group,,2026-09-10 08:53:53
16,堪比三星堆，北京这个特展应该收费,,,https://www.douban.com/group/topic/499255856/?_spm_id=MTYxNDA3ODAw,,豆瓣,小组精选,group,,2026-09-10 08:53:53
17,狸狸两岁了，还是像个宝宝,,,https://www.douban.com/group/topic/499111802/?_spm_id=MjA5NDg4OTc0,,豆瓣,小组精选,group,,2026-09-10 08:53:53
18,当我知道她只需要我一个伴娘的时候所有内耗都治好了,,,https://www.douban.com/group/topic/499150242/?_spm_id=MjE2MTU3ODY5,,豆瓣,小组精选,group,,2026-09-10 08:53:53
19,终于进组了 分享一下最近的早秋穿搭（持更 9.8/已变成自己的穿搭日记）,,,https://www.douban.com/group/topic/498953921/?_spm_id=NDI4NjI2MA,,豆瓣,小组精选,group,,2026-09-10 08:53:53
20,一树尽山河,,,https://www.douban.com/group/topic/499160743/?_spm_id=MjA3MTE5NzA3,,豆瓣,小组精选,group,,2026-09-10 08:53:53
21,我从过度消费到低物欲的心路历程,,,https://www.douban.com/group/topic/499048401/?_spm_id=MjUzOTE5NDU4,,豆瓣,小组精选,group,,2026-09-10 08:53:53
22,越南｜一个穿越回小时候的市场,,,https://www.douban.com/group/topic/498984653/?_spm_id=NzAwMjU4Mjk,,豆瓣,小组精选,group,,2026-09-10 08:53:53
23,每天都要感恩好几遍能遇到这样的乖宝宝,,,https://www.douban.com/group/topic/499168507/?_spm_id=MTIxNzI2OTY2,,豆瓣,小组精选,group,,2026-09-10 08:53:53
24,怡园的石榴红了,,,https://www.douban.com/group/topic/499185492/?_spm_id=MjA3NzY5NzU4,,豆瓣,小组精选,group,,2026-09-10 08:53:53
25,自学健身教练证超详细攻略（手搓4000字分享）,,,https://www.douban.com/group/topic/498902910/?_spm_id=MjAxMjI0MTUw,,豆瓣,小组精选,group,,2026-09-10 08:53:53
26,来参观呀！住了五年的家,,,https://www.douban.com/group/topic/499192441/?_spm_id=MTg3NjU5NDc4,,豆瓣,小组精选,group,,2026-09-10 08:53:53
27,和妈妈的济州岛五日游,,,https://www.douban.com/group/topic/498962038/?_spm_id=MjA5NDUzMzUz,,豆瓣,小组精选,group,,2026-09-10 08:53:53
28,我会丨我用workbuddy做了一个J人生活台，有手就会！,,,https://www.douban.com/group/topic/499000445/?_spm_id=Njk5NDI2ODU,,豆瓣,小组精选,group,,2026-09-10 08:53:53
29,很喜欢这段对好学生和讨好型人格的解读,,,https://www.douban.com/group/topic/499035104/?_spm_id=MjQwMzEyMjMz,,豆瓣,小组精选,group,,2026-09-10 08:53:53
30,我家，还是农村舒服,,,https://www.douban.com/group/topic/498790666/?_spm_id=MTk5ODcxMjg3,,豆瓣,小组精选,group,,2026-09-10 08:53:53
1,文学史上。。最著名的雨。。。是哪场,,,https://www.douban.com/group/topic/499244552/?_spm_id=MjMwOTE3Mjkw,,豆瓣,小组精选,group,,2026-09-10 09:28:39
2,从一首诗里突然get到他人的魅力都是来源于自己的欲望,,,https://www.douban.com/group/topic/498992238/?_spm_id=MTA0Mjk2ODA3,,豆瓣,小组精选,group,,2026-09-10 09:28:39
3,古城是烟火之地，生活之所。,,,https://www.douban.com/group/topic/499072351/?_spm_id=NzU2MTA1MzE,,豆瓣,小组精选,group,,2026-09-10 09:28:39
4,我将永远爱游泳，游泳将永远是我的最爱。,,,https://www.douban.com/group/topic/499042006/?_spm_id=MTYyNTA5MzU2,,豆瓣,小组精选,group,,2026-09-10 09:28:39
5,几个月前救的落水小猫，带着小伙伴找上门,,,https://www.douban.com/group/topic/499258606/?_spm_id=MjAyMTIzMjk0,,豆瓣,小组精选,group,,2026-09-10 09:28:39
6,热心帮同事解决臭味问题，结果发现臭味源自我,,,https://www.douban.com/group/topic/499253819/?_spm_id=MTgzMzU1ODI3,,豆瓣,小组精选,group,,2026-09-10 09:28:39
7,蓝雪花瀑布,,,https://www.douban.com/group/topic/499349482/?_spm_id=MjI1MDY2NDIw,,豆瓣,小组精选,group,,2026-09-10 09:28:39
8,插画师的家,,,https://www.douban.com/group/topic/499324377/?_spm_id=MTk5NjI2Mg,,豆瓣,小组精选,group,,2026-09-10 09:28:39
9,芬兰 CS 硕士一年整体验,,,https://www.douban.com/group/topic/499133349/?_spm_id=MTQzMTUwMzIz,,豆瓣,小组精选,group,,2026-09-10 09:28:39
10,梅里日照金山,,,https://www.douban.com/group/topic/499228560/?_spm_id=MjUwMzkzODc1,,豆瓣,小组精选,group,,2026-09-10 09:28:39
11,分享一些租房收纳,,,https://www.douban.com/group/topic/499249200/?_spm_id=Mjc2NDI4NTEw,,豆瓣,小组精选,group,,2026-09-10 09:28:39
12,收集一些长难句名字有意思的影片，适合改名字或者做签名（to小红书博主，我辛苦整理的片名不是你的流量工具。。。）,,,https://www.douban.com/group/topic/499132397/?_spm_id=MjI5MDIzMTg3,,豆瓣,小组精选,group,,2026-09-10 09:28:39
13,出国旅游（尤其欧洲）规划好根本没那么贵啊,,,https://www.douban.com/group/topic/498952139/?_spm_id=NzM3MDMyNzU,,豆瓣,小组精选,group,,2026-09-10 09:28:39
14,雪羊,,,https://www.douban.com/group/topic/499044228/?_spm_id=MTg5NzMwMjIz,,豆瓣,小组精选,group,,2026-09-10 09:28:39
15,下班的太阳·云纱遮眼限定款,,,https://www.douban.com/group/topic/498960951/?_spm_id=MTE5NDczODkz,,豆瓣,小组精选,group,,2026-09-10 09:28:39
16,堪比三星堆，北京这个特展应该收费,,,https://www.douban.com/group/topic/499255856/?_spm_id=MTYxNDA3ODAw,,豆瓣,小组精选,group,,2026-09-10 09:28:39
17,狸狸两岁了，还是像个宝宝,,,https://www.douban.com/group/topic/499111802/?_spm_id=MjA5NDg4OTc0,,豆瓣,小组精选,group,,2026-09-10 09:28:39
18,当我知道她只需要我一个伴娘的时候所有内耗都治好了,,,https://www.douban.com/group/topic/499150242/?_spm_id=MjE2MTU3ODY5,,豆瓣,小组精选,group,,2026-09-10 09:28:39
19,终于进组了 分享一下最近的早秋穿搭（持更 9.8/已变成自己的穿搭日记）,,,https://www.douban.com/group/topic/498953921/?_spm_id=NDI4NjI2MA,,豆瓣,小组精选,group,,2026-09-10 09:28:39
20,一树尽山河,,,https://www.douban.com/group/topic/499160743/?_spm_id=MjA3MTE5NzA3,,豆瓣,小组精选,group,,2026-09-10 09:28:39
21,我从过度消费到低物欲的心路历程,,,https://www.douban.com/group/topic/499048401/?_spm_id=MjUzOTE5NDU4,,豆瓣,小组精选,group,,2026-09-10 09:28:39
22,越南｜一个穿越回小时候的市场,,,https://www.douban.com/group/topic/498984653/?_spm_id=NzAwMjU4Mjk,,豆瓣,小组精选,group,,2026-09-10 09:28:39
23,每天都要感恩好几遍能遇到这样的乖宝宝,,,https://www.douban.com/group/topic/499168507/?_spm_id=MTIxNzI2OTY2,,豆瓣,小组精选,group,,2026-09-10 09:28:39
24,怡园的石榴红了,,,https://www.douban.com/group/topic/499185492/?_spm_id=MjA3NzY5NzU4,,豆瓣,小组精选,group,,2026-09-10 09:28:39
25,自学健身教练证超详细攻略（手搓4000字分享）,,,https://www.douban.com/group/topic/498902910/?_spm_id=MjAxMjI0MTUw,,豆瓣,小组精选,group,,2026-09-10 09:28:39
26,来参观呀！住了五年的家,,,https://www.douban.com/group/topic/499192441/?_spm_id=MTg3NjU5NDc4,,豆瓣,小组精选,group,,2026-09-10 09:28:39
27,和妈妈的济州岛五日游,,,https://www.douban.com/group/topic/498962038/?_spm_id=MjA5NDUzMzUz,,豆瓣,小组精选,group,,2026-09-10 09:28:39
28,我会丨我用workbuddy做了一个J人生活台，有手就会！,,,https://www.douban.com/group/topic/499000445/?_spm_id=Njk5NDI2ODU,,豆瓣,小组精选,group,,2026-09-10 09:28:39
29,很喜欢这段对好学生和讨好型人格的解读,,,https://www.douban.com/group/topic/499035104/?_spm_id=MjQwMzEyMjMz,,豆瓣,小组精选,group,,2026-09-10 09:28:39
30,我家，还是农村舒服,,,https://www.douban.com/group/topic/498790666/?_spm_id=MTk5ODcxMjg3,,豆瓣,小组精选,group,,2026-09-10 09:28:39
1,文学史上。。最著名的雨。。。是哪场,,,https://www.douban.com/group/topic/499244552/?_spm_id=MjMwOTE3Mjkw,,豆瓣,小组精选,group,,2026-09-10 10:30:17
2,从一首诗里突然get到他人的魅力都是来源于自己的欲望,,,https://www.douban.com/group/topic/498992238/?_spm_id=MTA0Mjk2ODA3,,豆瓣,小组精选,group,,2026-09-10 10:30:17
3,古城是烟火之地，生活之所。,,,https://www.douban.com/group/topic/499072351/?_spm_id=NzU2MTA1MzE,,豆瓣,小组精选,group,,2026-09-10 10:30:17
4,我将永远爱游泳，游泳将永远是我的最爱。,,,https://www.douban.com/group/topic/499042006/?_spm_id=MTYyNTA5MzU2,,豆瓣,小组精选,group,,2026-09-10 10:30:17
5,几个月前救的落水小猫，带着小伙伴找上门,,,https://www.douban.com/group/topic/499258606/?_spm_id=MjAyMTIzMjk0,,豆瓣,小组精选,group,,2026-09-10 10:30:17
6,热心帮同事解决臭味问题，结果发现臭味源自我,,,https://www.douban.com/group/topic/499253819/?_spm_id=MTgzMzU1ODI3,,豆瓣,小组精选,group,,2026-09-10 10:30:17
7,蓝雪花瀑布,,,https://www.douban.com/group/topic/499349482/?_spm_id=MjI1MDY2NDIw,,豆瓣,小组精选,group,,2026-09-10 10:30:17
8,插画师的家,,,https://www.douban.com/group/topic/499324377/?_spm_id=MTk5NjI2Mg,,豆瓣,小组精选,group,,2026-09-10 10:30:17
9,芬兰 CS 硕士一年整体验,,,https://www.douban.com/group/topic/499133349/?_spm_id=MTQzMTUwMzIz,,豆瓣,小组精选,group,,2026-09-10 10:30:17
10,梅里日照金山,,,https://www.douban.com/group/topic/499228560/?_spm_id=MjUwMzkzODc1,,豆瓣,小组精选,group,,2026-09-10 10:30:17
11,分享一些租房收纳,,,https://www.douban.com/group/topic/499249200/?_spm_id=Mjc2NDI4NTEw,,豆瓣,小组精选,group,,2026-09-10 10:30:17
12,收集一些长难句名字有意思的影片，适合改名字或者做签名（to小红书博主，我辛苦整理的片名不是你的流量工具。。。）,,,https://www.douban.com/group/topic/499132397/?_spm_id=MjI5MDIzMTg3,,豆瓣,小组精选,group,,2026-09-10 10:30:17
13,出国旅游（尤其欧洲）规划好根本没那么贵啊,,,https://www.douban.com/group/topic/498952139/?_spm_id=NzM3MDMyNzU,,豆瓣,小组精选,group,,2026-09-10 10:30:17
14,雪羊,,,https://www.douban.com/group/topic/499044228/?_spm_id=MTg5NzMwMjIz,,豆瓣,小组精选,group,,2026-09-10 10:30:17
15,下班的太阳·云纱遮眼限定款,,,https://www.douban.com/group/topic/498960951/?_spm_id=MTE5NDczODkz,,豆瓣,小组精选,group,,2026-09-10 10:30:17
16,堪比三星堆，北京这个特展应该收费,,,https://www.douban.com/group/topic/499255856/?_spm_id=MTYxNDA3ODAw,,豆瓣,小组精选,group,,2026-09-10 10:30:17
17,狸狸两岁了，还是像个宝宝,,,https://www.douban.com/group/topic/499111802/?_spm_id=MjA5NDg4OTc0,,豆瓣,小组精选,group,,2026-09-10 10:30:17
18,当我知道她只需要我一个伴娘的时候所有内耗都治好了,,,https://www.douban.com/group/topic/499150242/?_spm_id=MjE2MTU3ODY5,,豆瓣,小组精选,group,,2026-09-10 10:30:17
19,终于进组了 分享一下最近的早秋穿搭（持更 9.8/已变成自己的穿搭日记）,,,https://www.douban.com/group/topic/498953921/?_spm_id=NDI4NjI2MA,,豆瓣,小组精选,group,,2026-09-10 10:30:17
20,一树尽山河,,,https://www.douban.com/group/topic/499160743/?_spm_id=MjA3MTE5NzA3,,豆瓣,小组精选,group,,2026-09-10 10:30:17
21,我从过度消费到低物欲的心路历程,,,https://www.douban.com/group/topic/499048401/?_spm_id=MjUzOTE5NDU4,,豆瓣,小组精选,group,,2026-09-10 10:30:17
22,越南｜一个穿越回小时候的市场,,,https://www.douban.com/group/topic/498984653/?_spm_id=NzAwMjU4Mjk,,豆瓣,小组精选,group,,2026-09-10 10:30:17
23,每天都要感恩好几遍能遇到这样的乖宝宝,,,https://www.douban.com/group/topic/499168507/?_spm_id=MTIxNzI2OTY2,,豆瓣,小组精选,group,,2026-09-10 10:30:17
24,怡园的石榴红了,,,https://www.douban.com/group/topic/499185492/?_spm_id=MjA3NzY5NzU4,,豆瓣,小组精选,group,,2026-09-10 10:30:17
25,自学健身教练证超详细攻略（手搓4000字分享）,,,https://www.douban.com/group/topic/498902910/?_spm_id=MjAxMjI0MTUw,,豆瓣,小组精选,group,,2026-09-10 10:30:17
26,来参观呀！住了五年的家,,,https://www.douban.com/group/topic/499192441/?_spm_id=MTg3NjU5NDc4,,豆瓣,小组精选,group,,2026-09-10 10:30:17
27,和妈妈的济州岛五日游,,,https://www.douban.com/group/topic/498962038/?_spm_id=MjA5NDUzMzUz,,豆瓣,小组精选,group,,2026-09-10 10:30:17
28,我会丨我用workbuddy做了一个J人生活台，有手就会！,,,https://www.douban.com/group/topic/499000445/?_spm_id=Njk5NDI2ODU,,豆瓣,小组精选,group,,2026-09-10 10:30:17
29,很喜欢这段对好学生和讨好型人格的解读,,,https://www.douban.com/group/topic/499035104/?_spm_id=MjQwMzEyMjMz,,豆瓣,小组精选,group,,2026-09-10 10:30:17
30,我家，还是农村舒服,,,https://www.douban.com/group/topic/498790666/?_spm_id=MTk5ODcxMjg3,,豆瓣,小组精选,group,,2026-09-10 10:30:17
1,文学史上。。最著名的雨。。。是哪场,,,https://www.douban.com/group/topic/499244552/?_spm_id=MjMwOTE3Mjkw,,豆瓣,小组精选,group,,2026-09-10 11:25:45
2,从一首诗里突然get到他人的魅力都是来源于自己的欲望,,,https://www.douban.com/group/topic/498992238/?_spm_id=MTA0Mjk2ODA3,,豆瓣,小组精选,group,,2026-09-10 11:25:45
3,古城是烟火之地，生活之所。,,,https://www.douban.com/group/topic/499072351/?_spm_id=NzU2MTA1MzE,,豆瓣,小组精选,group,,2026-09-10 11:25:45
4,我将永远爱游泳，游泳将永远是我的最爱。,,,https://www.douban.com/group/topic/499042006/?_spm_id=MTYyNTA5MzU2,,豆瓣,小组精选,group,,2026-09-10 11:25:45
5,几个月前救的落水小猫，带着小伙伴找上门,,,https://www.douban.com/group/topic/499258606/?_spm_id=MjAyMTIzMjk0,,豆瓣,小组精选,group,,2026-09-10 11:25:45
6,热心帮同事解决臭味问题，结果发现臭味源自我,,,https://www.douban.com/group/topic/499253819/?_spm_id=MTgzMzU1ODI3,,豆瓣,小组精选,group,,2026-09-10 11:25:45
7,蓝雪花瀑布,,,https://www.douban.com/group/topic/499349482/?_spm_id=MjI1MDY2NDIw,,豆瓣,小组精选,group,,2026-09-10 11:25:45
8,插画师的家,,,https://www.douban.com/group/topic/499324377/?_spm_id=MTk5NjI2Mg,,豆瓣,小组精选,group,,2026-09-10 11:25:45
9,芬兰 CS 硕士一年整体验,,,https://www.douban.com/group/topic/499133349/?_spm_id=MTQzMTUwMzIz,,豆瓣,小组精选,group,,2026-09-10 11:25:45
10,梅里日照金山,,,https://www.douban.com/group/topic/499228560/?_spm_id=MjUwMzkzODc1,,豆瓣,小组精选,group,,2026-09-10 11:25:45
11,分享一些租房收纳,,,https://www.douban.com/group/topic/499249200/?_spm_id=Mjc2NDI4NTEw,,豆瓣,小组精选,group,,2026-09-10 11:25:45
12,收集一些长难句名字有意思的影片，适合改名字或者做签名（to小红书博主，我辛苦整理的片名不是你的流量工具。。。）,,,https://www.douban.com/group/topic/499132397/?_spm_id=MjI5MDIzMTg3,,豆瓣,小组精选,group,,2026-09-10 11:25:45
13,出国旅游（尤其欧洲）规划好根本没那么贵啊,,,https://www.douban.com/group/topic/498952139/?_spm_id=NzM3MDMyNzU,,豆瓣,小组精选,group,,2026-09-10 11:25:45
14,雪羊,,,https://www.douban.com/group/topic/499044228/?_spm_id=MTg5NzMwMjIz,,豆瓣,小组精选,group,,2026-09-10 11:25:45
15,下班的太阳·云纱遮眼限定款,,,https://www.douban.com/group/topic/498960951/?_spm_id=MTE5NDczODkz,,豆瓣,小组精选,group,,2026-09-10 11:25:45
16,堪比三星堆，北京这个特展应该收费,,,https://www.douban.com/group/topic/499255856/?_spm_id=MTYxNDA3ODAw,,豆瓣,小组精选,group,,2026-09-10 11:25:45
17,狸狸两岁了，还是像个宝宝,,,https://www.douban.com/group/topic/499111802/?_spm_id=MjA5NDg4OTc0,,豆瓣,小组精选,group,,2026-09-10 11:25:45
18,当我知道她只需要我一个伴娘的时候所有内耗都治好了,,,https://www.douban.com/group/topic/499150242/?_spm_id=MjE2MTU3ODY5,,豆瓣,小组精选,group,,2026-09-10 11:25:45
19,终于进组了 分享一下最近的早秋穿搭（持更 9.8/已变成自己的穿搭日记）,,,https://www.douban.com/group/topic/498953921/?_spm_id=NDI4NjI2MA,,豆瓣,小组精选,group,,2026-09-10 11:25:45
20,一树尽山河,,,https://www.douban.com/group/topic/499160743/?_spm_id=MjA3MTE5NzA3,,豆瓣,小组精选,group,,2026-09-10 11:25:45
21,我从过度消费到低物欲的心路历程,,,https://www.douban.com/group/topic/499048401/?_spm_id=MjUzOTE5NDU4,,豆瓣,小组精选,group,,2026-09-10 11:25:45
22,越南｜一个穿越回小时候的市场,,,https://www.douban.com/group/topic/498984653/?_spm_id=NzAwMjU4Mjk,,豆瓣,小组精选,group,,2026-09-10 11:25:45
23,每天都要感恩好几遍能遇到这样的乖宝宝,,,https://www.douban.com/group/topic/499168507/?_spm_id=MTIxNzI2OTY2,,豆瓣,小组精选,group,,2026-09-10 11:25:45
24,怡园的石榴红了,,,https://www.douban.com/group/topic/499185492/?_spm_id=MjA3NzY5NzU4,,豆瓣,小组精选,group,,2026-09-10 11:25:45
25,自学健身教练证超详细攻略（手搓4000字分享）,,,https://www.douban.com/group/topic/498902910/?_spm_id=MjAxMjI0MTUw,,豆瓣,小组精选,group,,2026-09-10 11:25:45
26,来参观呀！住了五年的家,,,https://www.douban.com/group/topic/499192441/?_spm_id=MTg3NjU5NDc4,,豆瓣,小组精选,group,,2026-09-10 11:25:45
27,和妈妈的济州岛五日游,,,https://www.douban.com/group/topic/498962038/?_spm_id=MjA5NDUzMzUz,,豆瓣,小组精选,group,,2026-09-10 11:25:45
28,我会丨我用workbuddy做了一个J人生活台，有手就会！,,,https://www.douban.com/group/topic/499000445/?_spm_id=Njk5NDI2ODU,,豆瓣,小组精选,group,,2026-09-10 11:25:45
29,很喜欢这段对好学生和讨好型人格的解读,,,https://www.douban.com/group/topic/499035104/?_spm_id=MjQwMzEyMjMz,,豆瓣,小组精选,group,,2026-09-10 11:25:45
30,我家，还是农村舒服,,,https://www.douban.com/group/topic/498790666/?_spm_id=MTk5ODcxMjg3,,豆瓣,小组精选,group,,2026-09-10 11:25:45
1,文学史上。。最著名的雨。。。是哪场,,,https://www.douban.com/group/topic/499244552/?_spm_id=MjMwOTE3Mjkw,,豆瓣,小组精选,group,,2026-09-10 12:25:02
2,从一首诗里突然get到他人的魅力都是来源于自己的欲望,,,https://www.douban.com/group/topic/498992238/?_spm_id=MTA0Mjk2ODA3,,豆瓣,小组精选,group,,2026-09-10 12:25:02
3,古城是烟火之地，生活之所。,,,https://www.douban.com/group/topic/499072351/?_spm_id=NzU2MTA1MzE,,豆瓣,小组精选,group,,2026-09-10 12:25:02
4,我将永远爱游泳，游泳将永远是我的最爱。,,,https://www.douban.com/group/topic/499042006/?_spm_id=MTYyNTA5MzU2,,豆瓣,小组精选,group,,2026-09-10 12:25:02
5,几个月前救的落水小猫，带着小伙伴找上门,,,https://www.douban.com/group/topic/499258606/?_spm_id=MjAyMTIzMjk0,,豆瓣,小组精选,group,,2026-09-10 12:25:02
6,热心帮同事解决臭味问题，结果发现臭味源自我,,,https://www.douban.com/group/topic/499253819/?_spm_id=MTgzMzU1ODI3,,豆瓣,小组精选,group,,2026-09-10 12:25:02
7,蓝雪花瀑布,,,https://www.douban.com/group/topic/499349482/?_spm_id=MjI1MDY2NDIw,,豆瓣,小组精选,group,,2026-09-10 12:25:02
8,插画师的家,,,https://www.douban.com/group/topic/499324377/?_spm_id=MTk5NjI2Mg,,豆瓣,小组精选,group,,2026-09-10 12:25:02
9,芬兰 CS 硕士一年整体验,,,https://www.douban.com/group/topic/499133349/?_spm_id=MTQzMTUwMzIz,,豆瓣,小组精选,group,,2026-09-10 12:25:02
10,梅里日照金山,,,https://www.douban.com/group/topic/499228560/?_spm_id=MjUwMzkzODc1,,豆瓣,小组精选,group,,2026-09-10 12:25:02
11,分享一些租房收纳,,,https://www.douban.com/group/topic/499249200/?_spm_id=Mjc2NDI4NTEw,,豆瓣,小组精选,group,,2026-09-10 12:25:02
12,收集一些长难句名字有意思的影片，适合改名字或者做签名（to小红书博主，我辛苦整理的片名不是你的流量工具。。。）,,,https://www.douban.com/group/topic/499132397/?_spm_id=MjI5MDIzMTg3,,豆瓣,小组精选,group,,2026-09-10 12:25:02
13,出国旅游（尤其欧洲）规划好根本没那么贵啊,,,https://www.douban.com/group/topic/498952139/?_spm_id=NzM3MDMyNzU,,豆瓣,小组精选,group,,2026-09-10 12:25:02
14,雪羊,,,https://www.douban.com/group/topic/499044228/?_spm_id=MTg5NzMwMjIz,,豆瓣,小组精选,group,,2026-09-10 12:25:02
15,下班的太阳·云纱遮眼限定款,,,https://www.douban.com/group/topic/498960951/?_spm_id=MTE5NDczODkz,,豆瓣,小组精选,group,,2026-09-10 12:25:02
16,堪比三星堆，北京这个特展应该收费,,,https://www.douban.com/group/topic/499255856/?_spm_id=MTYxNDA3ODAw,,豆瓣,小组精选,group,,2026-09-10 12:25:02
17,狸狸两岁了，还是像个宝宝,,,https://www.douban.com/group/topic/499111802/?_spm_id=MjA5NDg4OTc0,,豆瓣,小组精选,group,,2026-09-10 12:25:02
18,当我知道她只需要我一个伴娘的时候所有内耗都治好了,,,https://www.douban.com/group/topic/499150242/?_spm_id=MjE2MTU3ODY5,,豆瓣,小组精选,group,,2026-09-10 12:25:02
19,终于进组了 分享一下最近的早秋穿搭（持更 9.8/已变成自己的穿搭日记）,,,https://www.douban.com/group/topic/498953921/?_spm_id=NDI4NjI2MA,,豆瓣,小组精选,group,,2026-09-10 12:25:02
20,一树尽山河,,,https://www.douban.com/group/topic/499160743/?_spm_id=MjA3MTE5NzA3,,豆瓣,小组精选,group,,2026-09-10 12:25:02
21,我从过度消费到低物欲的心路历程,,,https://www.douban.com/group/topic/499048401/?_spm_id=MjUzOTE5NDU4,,豆瓣,小组精选,group,,2026-09-10 12:25:02
22,越南｜一个穿越回小时候的市场,,,https://www.douban.com/group/topic/498984653/?_spm_id=NzAwMjU4Mjk,,豆瓣,小组精选,group,,2026-09-10 12:25:02
23,每天都要感恩好几遍能遇到这样的乖宝宝,,,https://www.douban.com/group/topic/499168507/?_spm_id=MTIxNzI2OTY2,,豆瓣,小组精选,group,,2026-09-10 12:25:02
24,怡园的石榴红了,,,https://www.douban.com/group/topic/499185492/?_spm_id=MjA3NzY5NzU4,,豆瓣,小组精选,group,,2026-09-10 12:25:02
25,自学健身教练证超详细攻略（手搓4000字分享）,,,https://www.douban.com/group/topic/498902910/?_spm_id=MjAxMjI0MTUw,,豆瓣,小组精选,group,,2026-09-10 12:25:02
26,来参观呀！住了五年的家,,,https://www.douban.com/group/topic/499192441/?_spm_id=MTg3NjU5NDc4,,豆瓣,小组精选,group,,2026-09-10 12:25:02
27,和妈妈的济州岛五日游,,,https://www.douban.com/group/topic/498962038/?_spm_id=MjA5NDUzMzUz,,豆瓣,小组精选,group,,2026-09-10 12:25:02
28,我会丨我用workbuddy做了一个J人生活台，有手就会！,,,https://www.douban.com/group/topic/499000445/?_spm_id=Njk5NDI2ODU,,豆瓣,小组精选,group,,2026-09-10 12:25:02
29,很喜欢这段对好学生和讨好型人格的解读,,,https://www.douban.com/group/topic/499035104/?_spm_id=MjQwMzEyMjMz,,豆瓣,小组精选,group,,2026-09-10 12:25:02
30,我家，还是农村舒服,,,https://www.douban.com/group/topic/498790666/?_spm_id=MTk5ODcxMjg3,,豆瓣,小组精选,group,,2026-09-10 12:25:02
1,文学史上。。最著名的雨。。。是哪场,,,https://www.douban.com/group/topic/499244552/?_spm_id=MjMwOTE3Mjkw,,豆瓣,小组精选,group,,2026-09-10 13:21:21
2,从一首诗里突然get到他人的魅力都是来源于自己的欲望,,,https://www.douban.com/group/topic/498992238/?_spm_id=MTA0Mjk2ODA3,,豆瓣,小组精选,group,,2026-09-10 13:21:21
3,古城是烟火之地，生活之所。,,,https://www.douban.com/group/topic/499072351/?_spm_id=NzU2MTA1MzE,,豆瓣,小组精选,group,,2026-09-10 13:21:21
4,我将永远爱游泳，游泳将永远是我的最爱。,,,https://www.douban.com/group/topic/499042006/?_spm_id=MTYyNTA5MzU2,,豆瓣,小组精选,group,,2026-09-10 13:21:21
5,几个月前救的落水小猫，带着小伙伴找上门,,,https://www.douban.com/group/topic/499258606/?_spm_id=MjAyMTIzMjk0,,豆瓣,小组精选,group,,2026-09-10 13:21:21
6,热心帮同事解决臭味问题，结果发现臭味源自我,,,https://www.douban.com/group/topic/499253819/?_spm_id=MTgzMzU1ODI3,,豆瓣,小组精选,group,,2026-09-10 13:21:21
7,蓝雪花瀑布,,,https://www.douban.com/group/topic/499349482/?_spm_id=MjI1MDY2NDIw,,豆瓣,小组精选,group,,2026-09-10 13:21:21
8,插画师的家,,,https://www.douban.com/group/topic/499324377/?_spm_id=MTk5NjI2Mg,,豆瓣,小组精选,group,,2026-09-10 13:21:21
9,芬兰 CS 硕士一年整体验,,,https://www.douban.com/group/topic/499133349/?_spm_id=MTQzMTUwMzIz,,豆瓣,小组精选,group,,2026-09-10 13:21:21
10,梅里日照金山,,,https://www.douban.com/group/topic/499228560/?_spm_id=MjUwMzkzODc1,,豆瓣,小组精选,group,,2026-09-10 13:21:21
11,分享一些租房收纳,,,https://www.douban.com/group/topic/499249200/?_spm_id=Mjc2NDI4NTEw,,豆瓣,小组精选,group,,2026-09-10 13:21:21
12,收集一些长难句名字有意思的影片，适合改名字或者做签名（to小红书博主，我辛苦整理的片名不是你的流量工具。。。）,,,https://www.douban.com/group/topic/499132397/?_spm_id=MjI5MDIzMTg3,,豆瓣,小组精选,group,,2026-09-10 13:21:21
13,出国旅游（尤其欧洲）规划好根本没那么贵啊,,,https://www.douban.com/group/topic/498952139/?_spm_id=NzM3MDMyNzU,,豆瓣,小组精选,group,,2026-09-10 13:21:21
14,雪羊,,,https://www.douban.com/group/topic/499044228/?_spm_id=MTg5NzMwMjIz,,豆瓣,小组精选,group,,2026-09-10 13:21:21
15,下班的太阳·云纱遮眼限定款,,,https://www.douban.com/group/topic/498960951/?_spm_id=MTE5NDczODkz,,豆瓣,小组精选,group,,2026-09-10 13:21:21
16,堪比三星堆，北京这个特展应该收费,,,https://www.douban.com/group/topic/499255856/?_spm_id=MTYxNDA3ODAw,,豆瓣,小组精选,group,,2026-09-10 13:21:21
17,狸狸两岁了，还是像个宝宝,,,https://www.douban.com/group/topic/499111802/?_spm_id=MjA5NDg4OTc0,,豆瓣,小组精选,group,,2026-09-10 13:21:21
18,当我知道她只需要我一个伴娘的时候所有内耗都治好了,,,https://www.douban.com/group/topic/499150242/?_spm_id=MjE2MTU3ODY5,,豆瓣,小组精选,group,,2026-09-10 13:21:21
19,终于进组了 分享一下最近的早秋穿搭（持更 9.8/已变成自己的穿搭日记）,,,https://www.douban.com/group/topic/498953921/?_spm_id=NDI4NjI2MA,,豆瓣,小组精选,group,,2026-09-10 13:21:21
20,一树尽山河,,,https://www.douban.com/group/topic/499160743/?_spm_id=MjA3MTE5NzA3,,豆瓣,小组精选,group,,2026-09-10 13:21:21
21,我从过度消费到低物欲的心路历程,,,https://www.douban.com/group/topic/499048401/?_spm_id=MjUzOTE5NDU4,,豆瓣,小组精选,group,,2026-09-10 13:21:21
22,越南｜一个穿越回小时候的市场,,,https://www.douban.com/group/topic/498984653/?_spm_id=NzAwMjU4Mjk,,豆瓣,小组精选,group,,2026-09-10 13:21:21
23,每天都要感恩好几遍能遇到这样的乖宝宝,,,https://www.douban.com/group/topic/499168507/?_spm_id=MTIxNzI2OTY2,,豆瓣,小组精选,group,,2026-09-10 13:21:21
24,怡园的石榴红了,,,https://www.douban.com/group/topic/499185492/?_spm_id=MjA3NzY5NzU4,,豆瓣,小组精选,group,,2026-09-10 13:21:21
25,自学健身教练证超详细攻略（手搓4000字分享）,,,https://www.douban.com/group/topic/498902910/?_spm_id=MjAxMjI0MTUw,,豆瓣,小组精选,group,,2026-09-10 13:21:21
26,来参观呀！住了五年的家,,,https://www.douban.com/group/topic/499192441/?_spm_id=MTg3NjU5NDc4,,豆瓣,小组精选,group,,2026-09-10 13:21:21
27,和妈妈的济州岛五日游,,,https://www.douban.com/group/topic/498962038/?_spm_id=MjA5NDUzMzUz,,豆瓣,小组精选,group,,2026-09-10 13:21:21
28,我会丨我用workbuddy做了一个J人生活台，有手就会！,,,https://www.douban.com/group/topic/499000445/?_spm_id=Njk5NDI2ODU,,豆瓣,小组精选,group,,2026-09-10 13:21:21
29,很喜欢这段对好学生和讨好型人格的解读,,,https://www.douban.com/group/topic/499035104/?_spm_id=MjQwMzEyMjMz,,豆瓣,小组精选,group,,2026-09-10 13:21:21
30,我家，还是农村舒服,,,https://www.douban.com/group/topic/498790666/?_spm_id=MTk5ODcxMjg3,,豆瓣,小组精选,group,,2026-09-10 13:21:21
1,文学史上。。最著名的雨。。。是哪场,,,https://www.douban.com/group/topic/499244552/?_spm_id=MjMwOTE3Mjkw,,豆瓣,小组精选,group,,2026-09-10 14:35:43
2,从一首诗里突然get到他人的魅力都是来源于自己的欲望,,,https://www.douban.com/group/topic/498992238/?_spm_id=MTA0Mjk2ODA3,,豆瓣,小组精选,group,,2026-09-10 14:35:43
3,古城是烟火之地，生活之所。,,,https://www.douban.com/group/topic/499072351/?_spm_id=NzU2MTA1MzE,,豆瓣,小组精选,group,,2026-09-10 14:35:43
4,我将永远爱游泳，游泳将永远是我的最爱。,,,https://www.douban.com/group/topic/499042006/?_spm_id=MTYyNTA5MzU2,,豆瓣,小组精选,group,,2026-09-10 14:35:43
5,几个月前救的落水小猫，带着小伙伴找上门,,,https://www.douban.com/group/topic/499258606/?_spm_id=MjAyMTIzMjk0,,豆瓣,小组精选,group,,2026-09-10 14:35:43
6,热心帮同事解决臭味问题，结果发现臭味源自我,,,https://www.douban.com/group/topic/499253819/?_spm_id=MTgzMzU1ODI3,,豆瓣,小组精选,group,,2026-09-10 14:35:43
7,蓝雪花瀑布,,,https://www.douban.com/group/topic/499349482/?_spm_id=MjI1MDY2NDIw,,豆瓣,小组精选,group,,2026-09-10 14:35:43
8,插画师的家,,,https://www.douban.com/group/topic/499324377/?_spm_id=MTk5NjI2Mg,,豆瓣,小组精选,group,,2026-09-10 14:35:43
9,芬兰 CS 硕士一年整体验,,,https://www.douban.com/group/topic/499133349/?_spm_id=MTQzMTUwMzIz,,豆瓣,小组精选,group,,2026-09-10 14:35:43
10,梅里日照金山,,,https://www.douban.com/group/topic/499228560/?_spm_id=MjUwMzkzODc1,,豆瓣,小组精选,group,,2026-09-10 14:35:43
11,分享一些租房收纳,,,https://www.douban.com/group/topic/499249200/?_spm_id=Mjc2NDI4NTEw,,豆瓣,小组精选,group,,2026-09-10 14:35:43
12,收集一些长难句名字有意思的影片，适合改名字或者做签名（to小红书博主，我辛苦整理的片名不是你的流量工具。。。）,,,https://www.douban.com/group/topic/499132397/?_spm_id=MjI5MDIzMTg3,,豆瓣,小组精选,group,,2026-09-10 14:35:43
13,出国旅游（尤其欧洲）规划好根本没那么贵啊,,,https://www.douban.com/group/topic/498952139/?_spm_id=NzM3MDMyNzU,,豆瓣,小组精选,group,,2026-09-10 14:35:43
14,雪羊,,,https://www.douban.com/group/topic/499044228/?_spm_id=MTg5NzMwMjIz,,豆瓣,小组精选,group,,2026-09-10 14:35:43
15,下班的太阳·云纱遮眼限定款,,,https://www.douban.com/group/topic/498960951/?_spm_id=MTE5NDczODkz,,豆瓣,小组精选,group,,2026-09-10 14:35:43
16,堪比三星堆，北京这个特展应该收费,,,https://www.douban.com/group/topic/499255856/?_spm_id=MTYxNDA3ODAw,,豆瓣,小组精选,group,,2026-09-10 14:35:43
17,狸狸两岁了，还是像个宝宝,,,https://www.douban.com/group/topic/499111802/?_spm_id=MjA5NDg4OTc0,,豆瓣,小组精选,group,,2026-09-10 14:35:43
18,当我知道她只需要我一个伴娘的时候所有内耗都治好了,,,https://www.douban.com/group/topic/499150242/?_spm_id=MjE2MTU3ODY5,,豆瓣,小组精选,group,,2026-09-10 14:35:43
19,终于进组了 分享一下最近的早秋穿搭（持更 9.8/已变成自己的穿搭日记）,,,https://www.douban.com/group/topic/498953921/?_spm_id=NDI4NjI2MA,,豆瓣,小组精选,group,,2026-09-10 14:35:43
20,一树尽山河,,,https://www.douban.com/group/topic/499160743/?_spm_id=MjA3MTE5NzA3,,豆瓣,小组精选,group,,2026-09-10 14:35:43
21,我从过度消费到低物欲的心路历程,,,https://www.douban.com/group/topic/499048401/?_spm_id=MjUzOTE5NDU4,,豆瓣,小组精选,group,,2026-09-10 14:35:43
22,越南｜一个穿越回小时候的市场,,,https://www.douban.com/group/topic/498984653/?_spm_id=NzAwMjU4Mjk,,豆瓣,小组精选,group,,2026-09-10 14:35:43
23,每天都要感恩好几遍能遇到这样的乖宝宝,,,https://www.douban.com/group/topic/499168507/?_spm_id=MTIxNzI2OTY2,,豆瓣,小组精选,group,,2026-09-10 14:35:43
24,怡园的石榴红了,,,https://www.douban.com/group/topic/499185492/?_spm_id=MjA3NzY5NzU4,,豆瓣,小组精选,group,,2026-09-10 14:35:43
25,自学健身教练证超详细攻略（手搓4000字分享）,,,https://www.douban.com/group/topic/498902910/?_spm_id=MjAxMjI0MTUw,,豆瓣,小组精选,group,,2026-09-10 14:35:43
26,来参观呀！住了五年的家,,,https://www.douban.com/group/topic/499192441/?_spm_id=MTg3NjU5NDc4,,豆瓣,小组精选,group,,2026-09-10 14:35:43
27,和妈妈的济州岛五日游,,,https://www.douban.com/group/topic/498962038/?_spm_id=MjA5NDUzMzUz,,豆瓣,小组精选,group,,2026-09-10 14:35:43
28,我会丨我用workbuddy做了一个J人生活台，有手就会！,,,https://www.douban.com/group/topic/499000445/?_spm_id=Njk5NDI2ODU,,豆瓣,小组精选,group,,2026-09-10 14:35:43
29,很喜欢这段对好学生和讨好型人格的解读,,,https://www.douban.com/group/topic/499035104/?_spm_id=MjQwMzEyMjMz,,豆瓣,小组精选,group,,2026-09-10 14:35:43
30,我家，还是农村舒服,,,https://www.douban.com/group/topic/498790666/?_spm_id=MTk5ODcxMjg3,,豆瓣,小组精选,group,,2026-09-10 14:35:43
1,文学史上。。最著名的雨。。。是哪场,,,https://www.douban.com/group/topic/499244552/?_spm_id=MjMwOTE3Mjkw,,豆瓣,小组精选,group,,2026-09-10 15:24:48
2,从一首诗里突然get到他人的魅力都是来源于自己的欲望,,,https://www.douban.com/group/topic/498992238/?_spm_id=MTA0Mjk2ODA3,,豆瓣,小组精选,group,,2026-09-10 15:24:48
3,古城是烟火之地，生活之所。,,,https://www.douban.com/group/topic/499072351/?_spm_id=NzU2MTA1MzE,,豆瓣,小组精选,group,,2026-09-10 15:24:48
4,我将永远爱游泳，游泳将永远是我的最爱。,,,https://www.douban.com/group/topic/499042006/?_spm_id=MTYyNTA5MzU2,,豆瓣,小组精选,group,,2026-09-10 15:24:48
5,几个月前救的落水小猫，带着小伙伴找上门,,,https://www.douban.com/group/topic/499258606/?_spm_id=MjAyMTIzMjk0,,豆瓣,小组精选,group,,2026-09-10 15:24:48
6,热心帮同事解决臭味问题，结果发现臭味源自我,,,https://www.douban.com/group/topic/499253819/?_spm_id=MTgzMzU1ODI3,,豆瓣,小组精选,group,,2026-09-10 15:24:48
7,蓝雪花瀑布,,,https://www.douban.com/group/topic/499349482/?_spm_id=MjI1MDY2NDIw,,豆瓣,小组精选,group,,2026-09-10 15:24:48
8,插画师的家,,,https://www.douban.com/group/topic/499324377/?_spm_id=MTk5NjI2Mg,,豆瓣,小组精选,group,,2026-09-10 15:24:48
9,芬兰 CS 硕士一年整体验,,,https://www.douban.com/group/topic/499133349/?_spm_id=MTQzMTUwMzIz,,豆瓣,小组精选,group,,2026-09-10 15:24:48
10,梅里日照金山,,,https://www.douban.com/group/topic/499228560/?_spm_id=MjUwMzkzODc1,,豆瓣,小组精选,group,,2026-09-10 15:24:48
11,分享一些租房收纳,,,https://www.douban.com/group/topic/499249200/?_spm_id=Mjc2NDI4NTEw,,豆瓣,小组精选,group,,2026-09-10 15:24:48
12,收集一些长难句名字有意思的影片，适合改名字或者做签名（to小红书博主，我辛苦整理的片名不是你的流量工具。。。）,,,https://www.douban.com/group/topic/499132397/?_spm_id=MjI5MDIzMTg3,,豆瓣,小组精选,group,,2026-09-10 15:24:48
13,出国旅游（尤其欧洲）规划好根本没那么贵啊,,,https://www.douban.com/group/topic/498952139/?_spm_id=NzM3MDMyNzU,,豆瓣,小组精选,group,,2026-09-10 15:24:48
14,雪羊,,,https://www.douban.com/group/topic/499044228/?_spm_id=MTg5NzMwMjIz,,豆瓣,小组精选,group,,2026-09-10 15:24:48
15,下班的太阳·云纱遮眼限定款,,,https://www.douban.com/group/topic/498960951/?_spm_id=MTE5NDczODkz,,豆瓣,小组精选,group,,2026-09-10 15:24:48
16,堪比三星堆，北京这个特展应该收费,,,https://www.douban.com/group/topic/499255856/?_spm_id=MTYxNDA3ODAw,,豆瓣,小组精选,group,,2026-09-10 15:24:48
17,狸狸两岁了，还是像个宝宝,,,https://www.douban.com/group/topic/499111802/?_spm_id=MjA5NDg4OTc0,,豆瓣,小组精选,group,,2026-09-10 15:24:48
18,当我知道她只需要我一个伴娘的时候所有内耗都治好了,,,https://www.douban.com/group/topic/499150242/?_spm_id=MjE2MTU3ODY5,,豆瓣,小组精选,group,,2026-09-10 15:24:48
19,终于进组了 分享一下最近的早秋穿搭（持更 9.8/已变成自己的穿搭日记）,,,https://www.douban.com/group/topic/498953921/?_spm_id=NDI4NjI2MA,,豆瓣,小组精选,group,,2026-09-10 15:24:48
20,一树尽山河,,,https://www.douban.com/group/topic/499160743/?_spm_id=MjA3MTE5NzA3,,豆瓣,小组精选,group,,2026-09-10 15:24:48
21,我从过度消费到低物欲的心路历程,,,https://www.douban.com/group/topic/499048401/?_spm_id=MjUzOTE5NDU4,,豆瓣,小组精选,group,,2026-09-10 15:24:48
22,越南｜一个穿越回小时候的市场,,,https://www.douban.com/group/topic/498984653/?_spm_id=NzAwMjU4Mjk,,豆瓣,小组精选,group,,2026-09-10 15:24:48
23,每天都要感恩好几遍能遇到这样的乖宝宝,,,https://www.douban.com/group/topic/499168507/?_spm_id=MTIxNzI2OTY2,,豆瓣,小组精选,group,,2026-09-10 15:24:48
24,怡园的石榴红了,,,https://www.douban.com/group/topic/499185492/?_spm_id=MjA3NzY5NzU4,,豆瓣,小组精选,group,,2026-09-10 15:24:48
25,自学健身教练证超详细攻略（手搓4000字分享）,,,https://www.douban.com/group/topic/498902910/?_spm_id=MjAxMjI0MTUw,,豆瓣,小组精选,group,,2026-09-10 15:24:48
26,来参观呀！住了五年的家,,,https://www.douban.com/group/topic/499192441/?_spm_id=MTg3NjU5NDc4,,豆瓣,小组精选,group,,2026-09-10 15:24:48
27,和妈妈的济州岛五日游,,,https://www.douban.com/group/topic/498962038/?_spm_id=MjA5NDUzMzUz,,豆瓣,小组精选,group,,2026-09-10 15:24:48
28,我会丨我用workbuddy做了一个J人生活台，有手就会！,,,https://www.douban.com/group/topic/499000445/?_spm_id=Njk5NDI2ODU,,豆瓣,小组精选,group,,2026-09-10 15:24:48
29,很喜欢这段对好学生和讨好型人格的解读,,,https://www.douban.com/group/topic/499035104/?_spm_id=MjQwMzEyMjMz,,豆瓣,小组精选,group,,2026-09-10 15:24:48
30,我家，还是农村舒服,,,https://www.douban.com/group/topic/498790666/?_spm_id=MTk5ODcxMjg3,,豆瓣,小组精选,group,,2026-09-10 15:24:48
1,才知道郑佩佩去世后捐赠了大脑,,,https://www.douban.com/group/topic/499138634/?_spm_id=MTUzNTAzMDk1,,豆瓣,小组精选,group,,2026-09-10 16:29:25
2,花了两小时打造，朋友直接做成封面,,,https://www.douban.com/group/topic/499153538/?_spm_id=MjkxMjI3MzIw,,豆瓣,小组精选,group,,2026-09-10 16:29:25
3,躁鹃躁起来,,,https://www.douban.com/group/topic/499348640/?_spm_id=MTI1MTg0Mw,,豆瓣,小组精选,group,,2026-09-10 16:29:25
4,相对极简的家,,,https://www.douban.com/group/topic/499430239/?_spm_id=MjQyNTgxOTQ4,,豆瓣,小组精选,group,,2026-09-10 16:29:25
5,木芙蓉花，有人知道吗,,,https://www.douban.com/group/topic/499427243/?_spm_id=MTk5ODcxMjg3,,豆瓣,小组精选,group,,2026-09-10 16:29:25
6,📝关于使用AI做英语教练的一些心得,,,https://www.douban.com/group/topic/499234947/?_spm_id=MTMzMDAzMzcz,,豆瓣,小组精选,group,,2026-09-10 16:29:25
7,被今天的朝霞惊艳到了,,,https://www.douban.com/group/topic/499391432/?_spm_id=MTQ5NTM3Mjk4,,豆瓣,小组精选,group,,2026-09-10 16:29:25
8,"整理了一份""叙诡入门书单""，按震撼程度排序",,,https://www.douban.com/group/topic/499322698/?_spm_id=Mjk3MDI5NDc1,,豆瓣,小组精选,group,,2026-09-10 16:29:25
9,文学史上。。最著名的雨。。。是哪场,,,https://www.douban.com/group/topic/499244552/?_spm_id=MjMwOTE3Mjkw,,豆瓣,小组精选,group,,2026-09-10 16:29:25
10,从一首诗里突然get到他人的魅力都是来源于自己的欲望,,,https://www.douban.com/group/topic/498992238/?_spm_id=MTA0Mjk2ODA3,,豆瓣,小组精选,group,,2026-09-10 16:29:25
11,古城是烟火之地，生活之所。,,,https://www.douban.com/group/topic/499072351/?_spm_id=NzU2MTA1MzE,,豆瓣,小组精选,group,,2026-09-10 16:29:25
12,我将永远爱游泳，游泳将永远是我的最爱。,,,https://www.douban.com/group/topic/499042006/?_spm_id=MTYyNTA5MzU2,,豆瓣,小组精选,group,,2026-09-10 16:29:25
13,几个月前救的落水小猫，带着小伙伴找上门,,,https://www.douban.com/group/topic/499258606/?_spm_id=MjAyMTIzMjk0,,豆瓣,小组精选,group,,2026-09-10 16:29:25
14,热心帮同事解决臭味问题，结果发现臭味源自我,,,https://www.douban.com/group/topic/499253819/?_spm_id=MTgzMzU1ODI3,,豆瓣,小组精选,group,,2026-09-10 16:29:25
15,蓝雪花瀑布,,,https://www.douban.com/group/topic/499349482/?_spm_id=MjI1MDY2NDIw,,豆瓣,小组精选,group,,2026-09-10 16:29:25
16,插画师的家,,,https://www.douban.com/group/topic/499324377/?_spm_id=MTk5NjI2Mg,,豆瓣,小组精选,group,,2026-09-10 16:29:25
17,芬兰 CS 硕士一年整体验,,,https://www.douban.com/group/topic/499133349/?_spm_id=MTQzMTUwMzIz,,豆瓣,小组精选,group,,2026-09-10 16:29:25
18,梅里日照金山,,,https://www.douban.com/group/topic/499228560/?_spm_id=MjUwMzkzODc1,,豆瓣,小组精选,group,,2026-09-10 16:29:25
19,分享一些租房收纳,,,https://www.douban.com/group/topic/499249200/?_spm_id=Mjc2NDI4NTEw,,豆瓣,小组精选,group,,2026-09-10 16:29:25
20,收集一些长难句名字有意思的影片，适合改名字或者做签名（to小红书博主，我辛苦整理的片名不是你的流量工具。。。）,,,https://www.douban.com/group/topic/499132397/?_spm_id=MjI5MDIzMTg3,,豆瓣,小组精选,group,,2026-09-10 16:29:25
21,出国旅游（尤其欧洲）规划好根本没那么贵啊,,,https://www.douban.com/group/topic/498952139/?_spm_id=NzM3MDMyNzU,,豆瓣,小组精选,group,,2026-09-10 16:29:25
22,雪羊,,,https://www.douban.com/group/topic/499044228/?_spm_id=MTg5NzMwMjIz,,豆瓣,小组精选,group,,2026-09-10 16:29:25
23,下班的太阳·云纱遮眼限定款,,,https://www.douban.com/group/topic/498960951/?_spm_id=MTE5NDczODkz,,豆瓣,小组精选,group,,2026-09-10 16:29:25
24,堪比三星堆，北京这个特展应该收费,,,https://www.douban.com/group/topic/499255856/?_spm_id=MTYxNDA3ODAw,,豆瓣,小组精选,group,,2026-09-10 16:29:25
25,狸狸两岁了，还是像个宝宝,,,https://www.douban.com/group/topic/499111802/?_spm_id=MjA5NDg4OTc0,,豆瓣,小组精选,group,,2026-09-10 16:29:25
26,当我知道她只需要我一个伴娘的时候所有内耗都治好了,,,https://www.douban.com/group/topic/499150242/?_spm_id=MjE2MTU3ODY5,,豆瓣,小组精选,group,,2026-09-10 16:29:25
27,终于进组了 分享一下最近的早秋穿搭（持更 9.8/已变成自己的穿搭日记）,,,https://www.douban.com/group/topic/498953921/?_spm_id=NDI4NjI2MA,,豆瓣,小组精选,group,,2026-09-10 16:29:25
28,一树尽山河,,,https://www.douban.com/group/topic/499160743/?_spm_id=MjA3MTE5NzA3,,豆瓣,小组精选,group,,2026-09-10 16:29:25
29,我从过度消费到低物欲的心路历程,,,https://www.douban.com/group/topic/499048401/?_spm_id=MjUzOTE5NDU4,,豆瓣,小组精选,group,,2026-09-10 16:29:25
30,越南｜一个穿越回小时候的市场,,,https://www.douban.com/group/topic/498984653/?_spm_id=NzAwMjU4Mjk,,豆瓣,小组精选,group,,2026-09-10 16:29:25
1,才知道郑佩佩去世后捐赠了大脑,,,https://www.douban.com/group/topic/499138634/?_spm_id=MTUzNTAzMDk1,,豆瓣,小组精选,group,,2026-09-10 17:23:47
2,花了两小时打造，朋友直接做成封面,,,https://www.douban.com/group/topic/499153538/?_spm_id=MjkxMjI3MzIw,,豆瓣,小组精选,group,,2026-09-10 17:23:47
3,躁鹃躁起来,,,https://www.douban.com/group/topic/499348640/?_spm_id=MTI1MTg0Mw,,豆瓣,小组精选,group,,2026-09-10 17:23:47
4,相对极简的家,,,https://www.douban.com/group/topic/499430239/?_spm_id=MjQyNTgxOTQ4,,豆瓣,小组精选,group,,2026-09-10 17:23:47
5,木芙蓉花，有人知道吗,,,https://www.douban.com/group/topic/499427243/?_spm_id=MTk5ODcxMjg3,,豆瓣,小组精选,group,,2026-09-10 17:23:47
6,📝关于使用AI做英语教练的一些心得,,,https://www.douban.com/group/topic/499234947/?_spm_id=MTMzMDAzMzcz,,豆瓣,小组精选,group,,2026-09-10 17:23:47
7,被今天的朝霞惊艳到了,,,https://www.douban.com/group/topic/499391432/?_spm_id=MTQ5NTM3Mjk4,,豆瓣,小组精选,group,,2026-09-10 17:23:47
8,"整理了一份""叙诡入门书单""，按震撼程度排序",,,https://www.douban.com/group/topic/499322698/?_spm_id=Mjk3MDI5NDc1,,豆瓣,小组精选,group,,2026-09-10 17:23:47
9,文学史上。。最著名的雨。。。是哪场,,,https://www.douban.com/group/topic/499244552/?_spm_id=MjMwOTE3Mjkw,,豆瓣,小组精选,group,,2026-09-10 17:23:47
10,从一首诗里突然get到他人的魅力都是来源于自己的欲望,,,https://www.douban.com/group/topic/498992238/?_spm_id=MTA0Mjk2ODA3,,豆瓣,小组精选,group,,2026-09-10 17:23:47
11,古城是烟火之地，生活之所。,,,https://www.douban.com/group/topic/499072351/?_spm_id=NzU2MTA1MzE,,豆瓣,小组精选,group,,2026-09-10 17:23:47
12,我将永远爱游泳，游泳将永远是我的最爱。,,,https://www.douban.com/group/topic/499042006/?_spm_id=MTYyNTA5MzU2,,豆瓣,小组精选,group,,2026-09-10 17:23:47
13,几个月前救的落水小猫，带着小伙伴找上门,,,https://www.douban.com/group/topic/499258606/?_spm_id=MjAyMTIzMjk0,,豆瓣,小组精选,group,,2026-09-10 17:23:47
14,热心帮同事解决臭味问题，结果发现臭味源自我,,,https://www.douban.com/group/topic/499253819/?_spm_id=MTgzMzU1ODI3,,豆瓣,小组精选,group,,2026-09-10 17:23:47
15,蓝雪花瀑布,,,https://www.douban.com/group/topic/499349482/?_spm_id=MjI1MDY2NDIw,,豆瓣,小组精选,group,,2026-09-10 17:23:47
16,插画师的家,,,https://www.douban.com/group/topic/499324377/?_spm_id=MTk5NjI2Mg,,豆瓣,小组精选,group,,2026-09-10 17:23:47
17,芬兰 CS 硕士一年整体验,,,https://www.douban.com/group/topic/499133349/?_spm_id=MTQzMTUwMzIz,,豆瓣,小组精选,group,,2026-09-10 17:23:47
18,梅里日照金山,,,https://www.douban.com/group/topic/499228560/?_spm_id=MjUwMzkzODc1,,豆瓣,小组精选,group,,2026-09-10 17:23:47
19,分享一些租房收纳,,,https://www.douban.com/group/topic/499249200/?_spm_id=Mjc2NDI4NTEw,,豆瓣,小组精选,group,,2026-09-10 17:23:47
20,收集一些长难句名字有意思的影片，适合改名字或者做签名（to小红书博主，我辛苦整理的片名不是你的流量工具。。。）,,,https://www.douban.com/group/topic/499132397/?_spm_id=MjI5MDIzMTg3,,豆瓣,小组精选,group,,2026-09-10 17:23:47
21,出国旅游（尤其欧洲）规划好根本没那么贵啊,,,https://www.douban.com/group/topic/498952139/?_spm_id=NzM3MDMyNzU,,豆瓣,小组精选,group,,2026-09-10 17:23:47
22,雪羊,,,https://www.douban.com/group/topic/499044228/?_spm_id=MTg5NzMwMjIz,,豆瓣,小组精选,group,,2026-09-10 17:23:47
23,下班的太阳·云纱遮眼限定款,,,https://www.douban.com/group/topic/498960951/?_spm_id=MTE5NDczODkz,,豆瓣,小组精选,group,,2026-09-10 17:23:47
24,堪比三星堆，北京这个特展应该收费,,,https://www.douban.com/group/topic/499255856/?_spm_id=MTYxNDA3ODAw,,豆瓣,小组精选,group,,2026-09-10 17:23:47
25,狸狸两岁了，还是像个宝宝,,,https://www.douban.com/group/topic/499111802/?_spm_id=MjA5NDg4OTc0,,豆瓣,小组精选,group,,2026-09-10 17:23:47
26,当我知道她只需要我一个伴娘的时候所有内耗都治好了,,,https://www.douban.com/group/topic/499150242/?_spm_id=MjE2MTU3ODY5,,豆瓣,小组精选,group,,2026-09-10 17:23:47
27,终于进组了 分享一下最近的早秋穿搭（持更 9.8/已变成自己的穿搭日记）,,,https://www.douban.com/group/topic/498953921/?_spm_id=NDI4NjI2MA,,豆瓣,小组精选,group,,2026-09-10 17:23:47
28,一树尽山河,,,https://www.douban.com/group/topic/499160743/?_spm_id=MjA3MTE5NzA3,,豆瓣,小组精选,group,,2026-09-10 17:23:47
29,我从过度消费到低物欲的心路历程,,,https://www.douban.com/group/topic/499048401/?_spm_id=MjUzOTE5NDU4,,豆瓣,小组精选,group,,2026-09-10 17:23:47
30,越南｜一个穿越回小时候的市场,,,https://www.douban.com/group/topic/498984653/?_spm_id=NzAwMjU4Mjk,,豆瓣,小组精选,group,,2026-09-10 17:23:47
